coreid,identifiedBy,identifiedByID,dateIdentified,identificationQualifier,scientificName,identificationIsCurrent,scientificNameAuthorship,genus,specificEpithet,taxonRank,infraspecificEpithet,identificationReferences,identificationRemarks,recordId,modified
3276683,"Les Landrum",,2012,,"Physalis crassifolia",1,Benth.,,,,,,,urn:uuid:c62a6f5b-bb51-46e5-92f3-9a1866f94eba,"2015-07-20 16:07:44"
3276683,unknown,,unknown,,"Physalis crassifolia var. versicolor",0,"(Rydb.) Waterfall",,,,,,,urn:uuid:c44d0904-b7fc-4321-bb52-c5d48e4b4674,"2015-07-20 16:07:44"
3276760,"B. Sivinski",,"1 Sept 2011",,"Physalis hederaefolia",0,Holz.,,,,,,,urn:uuid:ed094d8f-9df1-4fd9-99dd-45c726999cab,"2011-09-02 11:54:41"
3276760,unknown,,unknown,,"Physalis virginiana var. sonorae",0,"(Torr.) Waterfall",,,,,,,urn:uuid:59e1f413-a2ac-4717-ab43-b665a2e9dc86,"2011-09-02 11:54:41"
3276628,"Liz Makings",,"2009-06-10 00:00:00",,"Physalis crassifolia",0,Benth.,,,,,,,urn:uuid:412f544d-ed7f-4dfb-9009-0135f019ba72,"2011-04-14 22:42:33"
5567737,"C.H. Lowe",,1952-02-23,,"Physalis crassifolia",0,Benth.,,,,,,,urn:uuid:fe5e875c-fd9a-4a46-b0fb-bf5efc5f4892,"2014-12-23 15:15:32"
5567765,"C.T. Mason, Jr.",,1965-01-26,,"Physalis crassifolia",0,Benth.,,,,,,,urn:uuid:dbaab49a-7a08-48a6-9e9d-efaa658f672b,"2014-12-23 15:15:32"
5567736,"P.S. Martin",,1973-09-02,,"Physalis crassifolia",0,Benth.,,,,,,,urn:uuid:b15a9989-43dd-41f8-8ca9-05a5daaa4ffb,"2014-12-23 15:15:32"
5567735,"E. Lehto",,1976-05-19,,"Physalis crassifolia",0,Benth.,,,,,,,urn:uuid:753cad9b-deae-419d-8cae-59f69b5e27a6,"2014-12-23 15:15:32"
5567734,"M. Mittleman",,1982-07-28,,"Physalis crassifolia",0,Benth.,,,,,,,urn:uuid:fff47222-4965-4991-b893-d9fe8294114d,"2014-12-23 15:15:32"
5567774,"T. R. Van Devender",,1983-03-05,,"Physalis crassifolia",0,Benth.,,,,,,,urn:uuid:5854ddc0-e94a-4dc8-9704-a88d20127d17,"2014-12-23 15:15:32"
5567764,"P.C. Fischer",,1979-03-25,,"Physalis crassifolia",0,Benth.,,,,,,,urn:uuid:85b3fa5d-7ea2-4dcb-bea8-4ceedb6bf78a,"2014-12-23 15:15:32"
5567742,"F.B. McMurry",,1945-02-14,,"Physalis crassifolia",0,Benth.,,,,,,,urn:uuid:db491dd4-2e87-4cf5-ad5c-a6a0525350d3,"2014-12-23 15:15:32"
5567760,"Elinor Lehto",,1968,,"Physalis crassifolia",0,Benth.,,,,,,,urn:uuid:dda6a6e9-e6c2-4c33-af9f-92d65850c6bc,"2018-03-05 17:40:21"
5567760,Pinkava,,1968-03-23,,"Physalis crassifolia",0,Benth.,,,,,,,urn:uuid:a18b80cb-26cf-4067-bf22-988133cfd09b,"2014-12-23 15:15:32"
5567763,"J.E. Bowers",,1983-10-20,,"Physalis crassifolia",0,Benth.,,,,,,,urn:uuid:ae7c4957-e05c-446f-9697-ec9b8cc4b1a1,"2014-12-23 15:15:32"
5567762,"J.E. Bowers",,1979-05-09,,"Physalis crassifolia",0,Benth.,,,,,,,urn:uuid:43c1c4b6-071a-4047-92b7-4d10614a1f14,"2014-12-23 15:15:32"
5567738,"T. R. Van Devender",,1972-12-01,,"Physalis crassifolia",0,Benth.,,,,,,,urn:uuid:1283d891-1c29-497d-b0d9-94c3b94f16f2,"2014-12-23 15:15:32"
5567761,"J.E. Bowers",,1983-09-13,,"Physalis crassifolia",0,Benth.,,,,,,,urn:uuid:8a201ab4-6f10-48a0-a9ca-077046fe2025,"2014-12-23 15:15:32"
5567740,"W.S. Phillips",,1959-04-02,,"Physalis crassifolia",0,Benth.,,,,,,,urn:uuid:94f0444e-0357-462e-b269-feb0ee24327a,"2014-12-23 15:15:32"
5567740,"Janet R. Sullivan",,"Oct 1995",,"Physalis crassifolia",0,Benth.,,,,,,,urn:uuid:32073b97-16be-43ed-864e-2d3bd13bd641,"2017-04-06 14:47:48"
5567759,"T. R. Van Devender",,1972-12-01,,"Physalis crassifolia",0,Benth.,,,,,,,urn:uuid:36c2b0f8-e70e-4ced-a071-a7672e7148c0,"2014-12-23 15:15:32"
5567741,"L.N. Goodding",,1945-10-19,,"Physalis crassifolia",0,Benth.,,,,,,,urn:uuid:45e52edc-bf0d-4732-83b2-aaccbf8c5635,"2014-12-23 15:15:32"
5567739,"L.N. Goodding",,1936-03-26,,"Physalis crassifolia",0,Benth.,,,,,,,urn:uuid:40872bde-d46c-46ec-8260-8300abe99d9b,"2014-12-23 15:15:32"
5567766,"R. S. Felger",,1992-08-18,,"Physalis crassifolia",0,Benth.,,,,,,,urn:uuid:d209259f-2cb7-424d-8d9a-e39b265c4bd3,"2014-12-23 15:15:32"
5567767,"Janet R. Sullivan",,10/95,,"Physalis crassifolia",0,Benth.,,,,,,,urn:uuid:b9c40584-d898-4b19-87c3-39b94b5e86b2,"2018-03-05 17:40:21"
5567767,"R.H. Hevly",,1959-11-15,,"Physalis crassifolia",0,Benth.,,,,,,,urn:uuid:f6b4a800-a201-44cf-b65f-41d4cc980cd2,"2014-12-23 15:15:32"
5567776,"A.A. Nichol",,1937-04-19,,"Physalis crassifolia",0,Benth.,,,,,,,urn:uuid:91539f9f-8449-4f3e-a49d-6305798c9d12,"2014-12-23 15:15:32"
5567777,"R.J. Barr",,1964-03-24,,"Physalis crassifolia",0,Benth.,,,,,,,urn:uuid:23143979-2ac9-4fd5-bf71-427c3eaf7cfc,"2014-12-23 15:15:32"
5567778,"Steven P. McLaughlin",,1979-02-18,,"Physalis crassifolia",0,Benth.,,,,,,,urn:uuid:89989043-7bad-43c5-8f06-6efbd056ff17,"2014-12-23 15:15:32"
5567779,"A. Hesselberg",,1966-10-16,,"Physalis crassifolia",0,Benth.,,,,,,,urn:uuid:676790e1-ff4f-4f04-82c6-9d0542e527d9,"2014-12-23 15:15:32"
5567781,Butterwick,,1980-03-11,,"Physalis crassifolia",0,Benth.,,,,,,,urn:uuid:41603b49-012d-41ad-971c-5011e20119e6,"2014-12-23 15:15:32"
5567782,"R.M. Turner",,1983-04-21,,"Physalis crassifolia",0,Benth.,,,,,,,urn:uuid:906df1fc-57be-46d0-ac0a-4a7df55855bb,"2014-12-23 15:15:32"
5567783,"R. H. Peebles",,1931-07-10,,"Physalis crassifolia",0,Benth.,,,,,,,urn:uuid:62fa5944-ed43-47cf-85da-55edab4bdbc8,"2014-12-23 15:15:32"
5567784,"A. Harlan",,1992-04-11,,"Physalis crassifolia",0,Benth.,,,,,,,urn:uuid:59bfca33-7411-499d-89d5-9b36ebaa2a2e,"2014-12-23 15:15:32"
5567775,"L.N. Goodding",,1936-11-19,,"Physalis crassifolia",0,Benth.,,,,,,,urn:uuid:73581791-f065-4cf4-be0d-4e804bee772d,"2014-12-23 15:15:32"
5567716,"Janet R. Sullivan",,10/95,,"Physalis crassifolia",0,Benth.,,,,,,,urn:uuid:dcafaf67-94f7-4e6f-aec8-73a248f676ed,"2018-03-05 17:40:21"
5567716,"A.A. Nichol",,1938-03-12,,"Physalis crassifolia",0,Benth.,,,,,,,urn:uuid:208ae84e-a0a8-472c-a358-89c667521026,"2014-12-23 15:15:32"
5567716,"U.T. Waterfall",,1956,,"Physalis crassifolia var. crassifolia",0,,,,,,,,urn:uuid:449177ec-dd56-471b-a4b2-ceb1e784e8e2,"2018-03-05 17:40:21"
5567786,"H.F. Loomis",,1926-04-02,,"Physalis crassifolia",0,Benth.,,,,,,,urn:uuid:9cf81937-6fcb-495e-be90-244be963e835,"2014-12-23 15:15:32"
5567780,"R.A. Darrow",,1941-04-14,,"Physalis crassifolia",0,Benth.,,,,,,,urn:uuid:c658c60e-d265-42fc-a047-8681083ecfa5,"2014-12-23 15:15:32"
5567768,"F.W. Gould",,1947-04-12,,"Physalis crassifolia",0,Benth.,,,,,,,urn:uuid:42c42e48-c4df-406e-995b-6a7ec7564df0,"2014-12-23 15:15:32"
5567769,"F.W. Gould",,1947-04-11,,"Physalis crassifolia",0,Benth.,,,,,,,urn:uuid:dfb588cd-4a34-44c6-949f-70040df27410,"2014-12-23 15:15:32"
5567770,"W.E. Booth",,1973-12-28,,"Physalis crassifolia",0,Benth.,,,,,,,urn:uuid:b787276b-2c9e-4047-a969-05d4f3f6999c,"2014-12-23 15:15:32"
5567771,"R.H. Hevly",,1958-03-09,,"Physalis crassifolia",0,Benth.,,,,,,,urn:uuid:1df31301-3acd-4b52-bd06-a66b84ee5746,"2014-12-23 15:15:32"
5567772,"K.F. Parker",,1952-02-23,,"Physalis crassifolia",0,Benth.,,,,,,,urn:uuid:4bc322d2-7713-423f-a3de-85046c5a26a2,"2014-12-23 15:15:32"
5567773,"F. Shreve",,1936-03-25,,"Physalis crassifolia",0,Benth.,,,,,,,urn:uuid:0c64c4d4-32f3-48dd-8f23-e1ad67ba7f3f,"2014-12-23 15:15:32"
5567785,"T. R. Van Devender",,1973-03-26,,"Physalis crassifolia",0,Benth.,,,,,,,urn:uuid:bae504c2-dbf4-49d4-b01c-ffea92b494dc,"2014-12-23 15:15:32"
5567758,"C.T. Mason",,1979-03-21,,"Physalis crassifolia",0,Benth.,,,,,,,urn:uuid:b73ac1d3-8f9d-4cb7-9f57-48e32fda4150,"2014-12-23 15:15:32"
5567753,"K.F. Parker",,1951-10-07,,"Physalis crassifolia",0,Benth.,,,,,,,urn:uuid:d1e82c1e-1ecd-4192-816e-c3990dee2377,"2014-12-23 15:15:32"
5567728,"M.F. Gilman",,1914-12-01,,"Physalis crassifolia",0,Benth.,,,,,,,urn:uuid:f96bf3a0-1bad-4958-ac97-d35d13e9f682,"2014-12-23 15:15:32"
5567725,"N.H. Holmgren",,1973-03-30,,"Physalis crassifolia",0,Benth.,,,,,,,urn:uuid:f57a06bc-8a3f-46ec-a1de-6b77ec33ce8f,"2014-12-23 15:15:32"
5567726,"Janet R. Sullivan",,10/95,,"Physalis crassifolia",0,Benth.,,,,,,,urn:uuid:a2ee9516-7513-4e3f-91bb-d001da1d0184,"2018-03-05 17:40:21"
5567726,"A. Hesselberg",,1967-04-21,,"Physalis crassifolia",0,Benth.,,,,,,,urn:uuid:aa033893-5174-45ea-b945-e5bda5c37b0e,"2014-12-23 15:15:32"
5567727,"T. R. Van Devender",,1993-09-12,,"Physalis crassifolia",0,Benth.,,,,,,,urn:uuid:3d762e3a-75c5-42b2-83a0-bda12e3ed1b9,"2014-12-23 15:15:32"
5567731,"T.L. Burgess",,1983-04-21,,"Physalis crassifolia",0,Benth.,,,,,,,urn:uuid:addad279-a126-4cb2-9b8d-320bec1c1629,"2014-12-23 15:15:32"
5567745,"J. Schoenwetter",,1958-03-09,,"Physalis crassifolia",0,Benth.,,,,,,,urn:uuid:e3e985dd-4a02-4a06-9e62-54f1fbac99e1,"2014-12-23 15:15:32"
5567746,"G. J. Harrison",,1931-03-22,,"Physalis crassifolia",0,Benth.,,,,,,,urn:uuid:1b7112ba-dfe4-473d-9ed3-c084da2fb373,"2014-12-23 15:15:32"
5567747,"T. R. Van Devender",,1973-03-18,,"Physalis crassifolia",0,Benth.,,,,,,,urn:uuid:2270c260-ab55-4ed1-bd9c-d60992ad377f,"2014-12-23 15:15:32"
5567748,"J.J. Thornber",,1913-04-19,,"Physalis crassifolia",0,Benth.,,,,,,,urn:uuid:a2611fef-d332-4465-8cd3-9096bbdde91b,"2014-12-23 15:15:32"
5567750,"R.M. Turner",,1968-08-27,,"Physalis crassifolia",0,Benth.,,,,,,,urn:uuid:b160c5a5-9510-4da2-9e9c-98220a5d1c31,"2014-12-23 15:15:32"
5567751,"J.E. Bowers",,1983-10-20,,"Physalis crassifolia",0,Benth.,,,,,,,urn:uuid:40dcdd3b-9c8b-4246-93d8-7930a64a91f4,"2014-12-23 15:15:32"
5567730,"R. H. Peebles",,1925-10-15,,"Physalis crassifolia",0,Benth.,,,,,,,urn:uuid:643911c5-3c77-4a8d-a525-aad56defe6bd,"2014-12-23 15:15:32"
5567729,"T. R. Van Devender",,1980-03-09,,"Physalis crassifolia",0,Benth.,,,,,,,urn:uuid:9ae7dddd-f390-4002-a506-b33c847bff77,"2014-12-23 15:15:32"
5567752,"P.L. Warren",,1983-11-10,,"Physalis crassifolia",0,Benth.,,,,,,,urn:uuid:fc3adc69-c54f-4708-9d5d-7005c08b27eb,"2014-12-23 15:15:32"
5567733,"A.A. Nichol",,1939-04-28,,"Physalis crassifolia",0,Benth.,,,,,,,urn:uuid:e090e5c4-a790-498e-a0bb-ee54d6ec61c2,"2014-12-23 15:15:32"
5567756,"A. Harlan",,1992-03-23,,"Physalis crassifolia",0,Benth.,,,,,,,urn:uuid:6ecfb5ae-1461-458b-be88-4ef4cab509a1,"2014-12-23 15:15:32"
5567732,"T. R. Van Devender",,1972-12-30,,"Physalis crassifolia",0,Benth.,,,,,,,urn:uuid:7d4bb780-9bf5-4b3f-81b4-e9850f95bc52,"2014-12-23 15:15:32"
5567754,McDougall,,1941-02-03,,"Physalis crassifolia",0,Benth.,,,,,,,urn:uuid:7be0cea0-d900-4799-83d9-3432b36cf0ba,"2014-12-23 15:15:32"
5567724,"T. R. Van Devender",,1981-08-06,,"Physalis crassifolia",0,Benth.,,,,,,,urn:uuid:2af324d9-fca7-471d-a40a-e7dfa528eac0,"2014-12-23 15:15:32"
5567757,"J.E. Bowers",,1983-09-13,,"Physalis crassifolia",0,Benth.,,,,,,,urn:uuid:955c8108-eadf-44e8-84fb-34d96315b013,"2014-12-23 15:15:32"
5567755,"F. Shreve",,1933-03-23,,"Physalis crassifolia",0,Benth.,,,,,,,urn:uuid:d6b100bb-6f23-497f-b38d-8807ed3a5999,"2014-12-23 15:15:32"
5567743,"T. R. Van Devender",,1973-03-25,,"Physalis crassifolia",0,Benth.,,,,,,,urn:uuid:49bd2928-0995-4053-950c-e31786e57906,"2014-12-23 15:15:32"
5567744,"T. R. Van Devender",,1973-01-14,,"Physalis crassifolia",0,Benth.,,,,,,,urn:uuid:757ef4c0-7f5e-411d-9c35-b89d5dedca4a,"2014-12-23 15:15:32"
5567709,"F.W. Gould",,1946-10-05,,"Physalis crassifolia",0,Benth.,,,,,,,urn:uuid:7a1e6906-a10c-42f5-a56a-766f5c3e4b8c,"2014-12-23 15:15:32"
5567710,"R. S. Felger",,1993-02-27,,"Physalis crassifolia",0,Benth.,,,,,,,urn:uuid:8a4d8d4f-9ebe-4914-ba35-8db990d562c7,"2014-12-23 15:15:32"
5567711,"Steven P. McLaughlin",,1989-09-09,,"Physalis crassifolia",0,Benth.,,,,,,,urn:uuid:cc91226f-4654-4a18-ba2a-00a008d31cf7,"2014-12-23 15:15:32"
5567712,"R. H. Peebles",,1927-07-31,,"Physalis crassifolia",0,Benth.,,,,,,,urn:uuid:e6470f36-c86f-4c30-8f64-364647baecf3,"2014-12-23 15:15:32"
5567713,"Janet R. Sullivan",,10/95,,"Physalis crassifolia",0,Benth.,,,,,,,urn:uuid:ff4ffad8-9368-4d5d-b702-fc34ad7f0c1e,"2018-03-05 17:40:21"
5567713,"P.S. Martin",,1972-09-23,,"Physalis crassifolia",0,Benth.,,,,,,,urn:uuid:dcfd112b-a1de-4678-a5a7-d3b447d11d53,"2014-12-23 15:15:32"
5567714,"Janet R. Sullivan",,10/95,,"Physalis crassifolia",0,Benth.,,,,,,,urn:uuid:72bc36ca-d4b0-47e0-9de5-75649f7a6a1e,"2018-03-05 17:40:21"
5567714,"E.U. Clover",,1941-04-01,,"Physalis crassifolia",0,Benth.,,,,,,,urn:uuid:4b3ab1ac-0c3a-4158-a60e-8fb4d0c5c1c9,"2014-12-23 15:15:32"
5567714,"Nora Polser",,1941-04-01,,"Physalis crassifolia",0,Benth.,,,,,,,urn:uuid:2d26cb69-db68-4e71-bfaf-ad11e164b933,"2018-03-05 17:40:21"
5567714,"U.T. Waterfall",,1956,,"Physalis crassifolia var. crassifolia",0,,,,,,,,urn:uuid:c4c51f2b-7f7f-4fc6-8912-e7249094d473,"2018-03-05 17:40:21"
5567715,"M. Fishbein",,1993-09-26,,"Physalis crassifolia",0,Benth.,,,,,,,urn:uuid:331a3ef8-b6ef-4d29-9568-1cc7305af4f7,"2014-12-23 15:15:32"
5567717,"T. R. Van Devender",,1993-09-14,,"Physalis crassifolia",0,Benth.,,,,,,,urn:uuid:65465d33-0f5b-4df1-915b-61b7362bc709,"2014-12-23 15:15:32"
5567719,"T. H. Kearney",,1927-03-31,,"Physalis crassifolia",0,Benth.,,,,,,,urn:uuid:d94efa17-5df7-41bd-bf2b-2b83c008d2f6,"2014-12-23 15:15:32"
5567720,"L. Benson",,1941-04-14,,"Physalis crassifolia",0,Benth.,,,,,,,urn:uuid:cd02ef9f-5210-4eda-ac6f-102997bb823a,"2014-12-23 15:15:32"
5567721,"J.T. Wright",,1952-05-13,,"Physalis crassifolia",0,Benth.,,,,,,,urn:uuid:113d383b-9e0b-414b-b338-ab9ab4ffec8d,"2014-12-23 15:15:32"
5567722,"Janet R. Sullivan",,10/95,,"Physalis crassifolia",0,Benth.,,,,,,,urn:uuid:3ee8d1f6-97a9-493f-92fb-a8d41fafd111,"2018-03-05 17:40:21"
5567722,UAW-OSU,,1962,,"Physalis crassifolia",0,Benth.,,,,,,,urn:uuid:aca2288f-ef57-4317-b708-84b1b4c71cef,"2018-03-05 17:40:21"
5567722,"C.F. Deaver",,1962-02-10,,"Physalis crassifolia",0,Benth.,,,,,,,urn:uuid:8eeb9acf-8374-45af-9773-aaf8e854b166,"2014-12-23 15:15:32"
5567723,"A.A. Nichol",,1938-09-12,,"Physalis crassifolia",0,Benth.,,,,,,,urn:uuid:b081eb9c-3f92-4bda-860c-20e90241473a,"2014-12-23 15:15:32"
5567749,Crooks,,1938-04-22,,"Physalis crassifolia",0,Benth.,,,,,,,urn:uuid:acefd45f-88c0-456c-9e62-8e1f00fe3359,"2014-12-23 15:15:32"
996786,"F. Shreve",,1938-09-01,,"Physalis hederaefolia",0,Holz.,,,,,,,urn:uuid:e46e7230-505a-4e58-9f75-d1f7ba539698,"2014-07-25 19:26:02"
996775,"K.R. Adams",,1991-07-25,,"Physalis hederaefolia",0,Holz.,,,,,,,urn:uuid:26363670-5f4f-4091-92a9-4deea8efd810,"2014-07-25 19:26:02"
996774,"K.R. Adams",,1991-07-25,,"Physalis hederaefolia",0,Holz.,,,,,,,urn:uuid:b883c61a-12b0-482a-9cdd-61b4570ef7f3,"2014-07-25 19:26:02"
996772,"L.R. Stanford",,1941-08-04,,"Physalis hederaefolia",0,Holz.,,,,,,,urn:uuid:8c7ab799-a9fc-4a62-863e-a525178f0baa,"2014-07-25 19:26:02"
996771,"L.R. Stanford",,1941-08-11,,"Physalis hederaefolia",0,Holz.,,,,,,,urn:uuid:1429851e-81f7-4ac5-8a9a-11bb80da06a7,"2014-07-25 19:26:02"
996770,"L.R. Stanford",,1941-07-15,,"Physalis hederaefolia",0,Holz.,,,,,,,urn:uuid:801c4549-7ac4-4d04-8602-eb72ff8988cd,"2014-07-25 19:26:02"
996769,"L.R. Stanford",,1941-07-10,,"Physalis hederaefolia",0,Holz.,,,,,,,urn:uuid:5555be47-4954-45c2-9f15-d636147f0787,"2014-07-25 19:26:02"
996768,"L.R. Stanford",,1941-07-03,,"Physalis hederaefolia",0,Holz.,,,,,,,urn:uuid:494a7ccc-2c61-4fbc-9201-ced0621e31fe,"2014-07-25 19:26:02"
996767,"E. Villanueva",,1964-02-29,,"Physalis hederaefolia",0,Holz.,,,,,,,urn:uuid:d33af7f7-6304-485c-b61d-5f4b45a31bcb,"2014-07-25 19:26:02"
996776,"G.M. Ferguson",,1986-06-27,,"Physalis hederaefolia",0,Holz.,,,,,,,urn:uuid:a2de8dd1-7629-4fb1-b6d2-01273049962a,"2014-07-25 19:26:02"
996777,"J.V. Reyna",,1984-06-16,,"Physalis hederaefolia",0,Holz.,,,,,,,urn:uuid:762054e5-4214-461f-8c61-87ed29cac0de,"2014-07-25 19:26:02"
996785,"H. S. Gentry",,1942-09-17,,"Physalis hederaefolia",0,Holz.,,,,,,,urn:uuid:1c81dbd1-1016-4ade-80e8-b4cc7af9e6dc,"2014-07-25 19:26:02"
996784,"K.R. Adams",,1998-09-04,,"Physalis hederaefolia",0,Holz.,,,,,,,urn:uuid:571bb12c-fd60-4e87-9bf6-c0bad1fdd56b,"2014-07-25 19:26:02"
996783,"P.S. Martin",,1992-08-21,,"Physalis hederaefolia",0,Holz.,,,,,,,urn:uuid:b4c52a9d-63a8-473e-905d-99b5f9f07dba,"2014-07-25 19:26:02"
996782,"P.S. Martin",,1991-08-21,,"Physalis hederaefolia",0,Holz.,,,,,,,urn:uuid:38a5aa65-d26b-43e5-84d6-4e75c4aa87e1,"2014-07-25 19:26:02"
996781,"P. Tenorio L.",,1987-05-22,,"Physalis hederaefolia",0,Holz.,,,,,,,urn:uuid:08d2bb8a-ac17-48fa-b218-e193c909d2a8,"2014-07-25 19:26:02"
996780,"P. Tenorio L.",,1985-10-03,,"Physalis hederaefolia",0,Holz.,,,,,,,urn:uuid:e9bda33c-ee53-4ec4-b07a-d9fccee9ad97,"2014-07-25 19:26:02"
996779,"T. R. Van Devender",,1991-10-23,,"Physalis hederaefolia",0,Holz.,,,,,,,urn:uuid:d2096c26-62fe-4ffb-a555-da7a7903c549,"2014-07-25 19:26:02"
996778,"M.E. Fishbein",,1993-08-25,,"Physalis hederaefolia",0,Holz.,,,,,,,urn:uuid:bc4cffab-a9e7-46ca-8e80-8dc540b8b13d,"2014-07-25 19:26:02"
996757,"Y. Petryszyn",,1974-01-05,,"Physalis greenei",0,"Vasey & Rose",,,,,,,urn:uuid:04239f52-4bb2-4482-bca8-ccf444870a87,"2014-07-25 19:26:02"
996756,"A.L. Haines",,1939-02-17,,"Physalis greenei",0,"Vasey & Rose",,,,,,,urn:uuid:0aa009a4-fc3e-4bb8-b411-15b9e27f21cf,"2014-07-25 19:26:02"
996755,"J.H. Thomas",,1959-10-22,,"Physalis greenei",0,"Vasey & Rose",,,,,,,urn:uuid:f26ef947-5b2b-4848-a0c4-e8f202324efc,"2014-07-25 19:26:02"
996754,"J.H. Thomas",,1959-10-22,,"Physalis greenei",0,"Vasey & Rose",,,,,,,urn:uuid:07b25c85-5a28-463c-a3df-bbec120bbedf,"2014-07-25 19:26:02"
996753,"R.V. Moran",,1959-01-07,,"Physalis greenei",0,"Vasey & Rose",,,,,,,urn:uuid:c018330e-e906-4792-a805-11278beb1809,"2014-07-25 19:26:02"
5573175,"L. McGill",,1996-08-22,,"Physalis fendleri",0,"A. Gray",,,,,,,urn:uuid:1645c5e9-f624-489b-bba2-6c672b947b17,"2014-12-23 15:15:32"
996743,"W.P. Cottam",,1938-05-05,,"Physalis fendleri",0,"A. Gray",,,,,,,urn:uuid:3f953e19-3a70-45d5-bbc0-9fb0a4a1d2f0,"2014-07-25 19:26:02"
3243654,"James Henrickson\\r\\nJames Henrickson",,1973-01-01,,"Physalis hederifolia var. puberula",0,"A. Gray",,,,,,,urn:uuid:d4de0990-9801-4392-b385-a64f3ac18f27,"2014-07-25 19:26:02"
996758,"B. Perrill",,1983-03-17,,"Physalis greenei",0,"Vasey & Rose",,,,,,,urn:uuid:e390f62c-9240-49c6-a678-7368ec5d24da,"2014-07-25 19:26:02"
996759,"I.L. Wiggins",,1960-03-27,,"Physalis greenei",0,"Vasey & Rose",,,,,,,urn:uuid:738c85d8-05d3-408f-9f9a-4c4428699887,"2014-07-25 19:26:02"
996766,"H. S. Gentry",,1939-02-27,,"Physalis greenei",0,"Vasey & Rose",,,,,,,urn:uuid:adf6fc74-15eb-46a3-81f9-405e1ff1dd4a,"2014-07-25 19:26:02"
996765,"A.M. Rea",,1986-10-11,,"Physalis greenei",0,"Vasey & Rose",,,,,,,urn:uuid:d516f202-384a-4ff0-8dde-835c571bf969,"2014-07-25 19:26:02"
996764,"H. S. Gentry",,1938-12-25,,"Physalis greenei",0,"Vasey & Rose",,,,,,,urn:uuid:e0053c3f-fa2a-422f-bda6-457c21cd0869,"2014-07-25 19:26:02"
996763,"A.M. Carter",,1947-11-11,,"Physalis greenei",0,"Vasey & Rose",,,,,,,urn:uuid:6ebe6640-d9dc-4615-b8cf-9625280deb94,"2014-07-25 19:26:02"
996762,"R. S. Felger",,1966-10-08,,"Physalis greenei",0,"Vasey & Rose",,,,,,,urn:uuid:0fbd2d8a-7a0d-47f5-b7b2-f8d415caf0e1,"2014-07-25 19:26:02"
996761,"Y. Petryszyn",,1974-01-04,,"Physalis greenei",0,"Vasey & Rose",,,,,,,urn:uuid:1a215d0b-e19a-49f3-ad9d-5decd867bc4b,"2014-07-25 19:26:02"
996760,"E.Y. Dawson",,1949-03-16,,"Physalis greenei",0,"Vasey & Rose",,,,,,,urn:uuid:6def006e-7a95-4f46-970a-e00de75b6429,"2014-07-25 19:26:02"
3243644,"James Henrickson\\r\\nJames Henrickson",,1971-01-01,,"Physalis hederifolia var. puberula",0,"A. Gray",,,,,,,urn:uuid:014cd3ff-6392-4522-b8c3-01b438364922,"2014-07-25 19:26:02"
996787,"F. Shreve",,1940-08-19,,"Physalis hederaefolia",0,Holz.,,,,,,,urn:uuid:c0c56055-c0c8-4046-8db2-b039cd8d0fac,"2014-07-25 19:26:02"
998014,"R. S. Felger",,1968-02-23,,"Physalis crassifolia var. versicolor",0,"(Rydb.) Waterfall",,,,,,,urn:uuid:aacae5eb-73f2-4d28-b693-c2da3541c12f,"2014-07-25 19:26:02"
5573185,"D. Jones",,1939-08-30,,"Physalis fendleri",0,Gray,,,,,,,urn:uuid:b446eb43-03f6-450c-97f7-915fdeb1b7ed,"2015-04-27 15:08:27"
5573185,"D. Jones",,1939-08-30,,"Physalis hederifolia",0,"A. Gray",,,,,,,urn:uuid:68628584-3ffe-4bb7-923d-b7dc3f485f9d,"2014-12-23 15:15:32"
5573185,"U.T. Waterfall",,1956,,"Physalis hederaefolia var. cordifolia",0,"(A.Gray) Waterf.",,,,,,,urn:uuid:731804d7-20d5-4291-b27f-32851f4d486a,"2015-04-27 15:08:27"
5573185,"Janet R. Sullivan",,"September 1995",,"Physalis hederaefolia var. fendleri",0,"(A.Gray) A.Cronquist",,,,,,,urn:uuid:7e3175cf-2cf6-4cd3-b64f-c8619be86e07,"2015-04-27 15:08:27"
3351412,"R. R. Halse",,1971,,"Physalis fendleri",0,Gray,,,,,,,urn:uuid:2cc906fc-356e-4858-aa3e-59bf6e01239f,"2015-12-10 14:27:13"
3351412,"Richard R. Halse",,1971,,"Physalis fendleri",0,Gray,,,,,,,urn:uuid:591c5e7b-1133-4057-b868-8fdfb63c14c9,"2016-05-15 00:21:15"
3351412,"Janet R. Sullivan",,9-1995,,"Physalis hederaefolia var. fendleri",0,"(A.Gray) A.Cronquist",,,,,,,urn:uuid:fd89dd78-92e5-4894-86a1-82450185638f,"2015-12-10 14:27:13"
3826778,"O.M. Clark",,1939-08-12,,"Physalis hederifolia",0,"A. Gray",,,,,,,urn:uuid:52657809-c8d6-45bb-9afb-3b771ee5b8a6,"2014-07-25 19:26:02"
3826778,"T.H. Kearny",,1951,,"Physalis fendleri",0,Gray,,,,,"California Academy of Sciences",,urn:uuid:30015e5b-abbc-4524-a7ba-30a7966ab5a0,"2014-07-25 19:26:02"
3826778,"U.T. Waterfall",,1956,,"Physalis hederaefolia var. cordifolia",0,"(A.Gray) Waterf.",,,,,,,urn:uuid:a956eb48-208b-4a04-9b95-d50a19a640a0,"2014-07-25 19:26:02"
3826778,"C.N. Mon.",,8-12-39,,Physalis,0,L.,,,,,"8546- O.M.C","Wooded B... Lower Barinta Canyon (?)",urn:uuid:4ec0d206-8323-4635-b747-e6aee02441c6,"2014-07-25 19:26:02"
3826778,"Janet R. Sullivan",,9/95,,"Physalis hederaefolia var. fendleri",0,"(A.Gray) A.Cronquist",,,,,"Annotated for the Flora of North America",,urn:uuid:5ad69363-a3ab-4775-8ecc-131f41752c11,"2014-07-25 19:26:02"
5583077,"Raymundo Barnett Morales",,2008-09-03,,"Physalis crassifolia var. infundibularis",0,"I.M. Johnston",,,,,,,urn:uuid:1ed43084-0b96-4ada-b15c-08b47393601e,"2014-12-23 15:15:32"
5580431,"P. Jenkins, 9/01",,s.d.,,"Physalis crassifolia var. infundibularis",0,"I.M. Johnston",,,,,,,urn:uuid:10df646e-5bfb-4ec1-9652-f4492b8d6f3a,"2014-12-23 15:15:32"
5573174,"R. S. Felger",,1968-04-11,,"Physalis crassifolia var. infundibularis",0,"I.M. Johnston",,,,,,,urn:uuid:1319e95a-f782-4a34-a56c-cb43cf442204,"2014-12-23 15:15:32"
5573187,"Richard R. Halse",,1971,,"Physalis fendleri",0,Gray,,,,,,,urn:uuid:59dbf713-23d0-4f85-9e6c-38dd949fa31f,"2016-05-15 00:21:15"
5573187,"R.R. Halse",,1971-08-04,,"Physalis fendleri",0,Gray,,,,,,,urn:uuid:f975838d-c250-4190-88b5-13ab042deeee,"2015-12-10 14:27:13"
5573187,"R.R. Halse",,1971-08-04,,"Physalis hederifolia",0,"A. Gray",,,,,,,urn:uuid:86eed21f-57df-409e-be50-d63c1dd5ae29,"2014-12-23 15:15:32"
5573187,"Janet R. Sullivan",,9-1995,,"Physalis hederaefolia var. fendleri",0,"(A.Gray) A.Cronquist",,,,,,,urn:uuid:f49377c6-3651-4346-aebe-3ddc9a610f68,"2015-12-10 14:27:13"
5573244,"Richard R. Halse",,1971,,"Physalis fendleri",0,Gray,,,,,,,urn:uuid:70653285-7e1f-44a9-a550-ac0a21b6fdcc,"2016-05-15 00:21:15"
5573244,"R.R. Halse",,1971-07-29,,"Physalis fendleri",0,Gray,,,,,,,urn:uuid:e746a670-e802-4460-b8c5-ca4bffa7ced9,"2015-12-10 14:27:13"
5573244,"R.R. Halse",,1971-07-29,,"Physalis hederifolia",0,"A. Gray",,,,,,,urn:uuid:8e5015f6-d1a5-4b7e-8714-c2d7542702bc,"2014-12-23 15:15:32"
5573244,"Janet R. Sullivan",,9-1995,,"Physalis hederaefolia var. fendleri",0,"(A.Gray) A.Cronquist",,,,,,,urn:uuid:69e8b11f-a6b7-4a7e-897d-d6fcfd34c37e,"2015-12-10 14:27:13"
5573266,"D. Jones",,1939-08-27,,Physalis,0,L.,,,,,,,urn:uuid:0c02a77d-2483-4d23-9d2b-a862de934541,"2015-04-27 15:08:27"
5573266,"D. Jones",,1939-08-27,,"Physalis hederifolia",0,"A. Gray",,,,,,,urn:uuid:9e427380-b208-494a-bb34-0ed35fadccd0,"2014-12-23 15:15:32"
5573266,"T.H. Kearney",,1951,,"Physalis fendleri",0,Gray,,,,,,,urn:uuid:e544afad-7332-46ee-93c5-262b307e923d,"2015-04-27 15:08:27"
5573266,"U.T. Waterfall",,1956,,"Physalis hederaefolia var. cordifolia",0,"(A.Gray) Waterf.",,,,,,,urn:uuid:ce6b19aa-b622-42d4-8cbc-74b2afef34c9,"2015-04-27 15:08:27"
5573266,"Janet R. Sullivan",,"September 1995",,"Physalis hederaefolia var. fendleri",0,"(A.Gray) A.Cronquist",,,,,,,urn:uuid:0ab51e89-b175-4868-81cb-1aeb98bf7c33,"2015-04-27 15:08:27"
5573265,"D. Jones",,1939-05-27,,"Physalis fendleri",0,Gray,,,,,,,urn:uuid:42306d65-ad98-4a7d-99fa-6682e978bc6d,"2015-04-27 15:08:27"
5573265,"D. Jones",,1939-05-27,,"Physalis hederifolia",0,"A. Gray",,,,,,,urn:uuid:663d925f-cdfb-482e-b764-690b28c5c0a4,"2014-12-23 15:15:32"
5573265,"U.T. Waterfall",,1956,,"Physalis hederaefolia var. cordifolia",0,"(A.Gray) Waterf.",,,,,,,urn:uuid:ab07e659-1fd3-4ec0-b5b9-00a52b806cad,"2015-04-27 15:08:27"
5573265,"Janet R. Sullivan",,"September 1995",,"Physalis hederaefolia var. fendleri",0,"(A.Gray) A.Cronquist",,,,,,,urn:uuid:c0ad45c7-4d8f-4772-8e34-2b79b4a343e5,"2015-04-27 15:08:27"
5573262,"Richard R. Halse",,1971,,"Physalis fendleri",0,Gray,,,,,,,urn:uuid:a52ab635-c474-4687-b0fd-05ab1c4c8b9b,"2016-05-15 00:21:15"
5573262,"R.R. Halse",,1971-08-02,,"Physalis fendleri",0,Gray,,,,,,,urn:uuid:ed2865f2-75a6-4a4e-9fa9-4bf26625eb55,"2015-12-10 14:27:13"
5573262,"R.R. Halse",,1971-08-02,,"Physalis hederifolia",0,"A. Gray",,,,,,,urn:uuid:0b61ab8a-d71d-4269-8c42-e9f3592cb7b5,"2014-12-23 15:15:32"
5573262,"Janet R. Sullivan",,9-1995,,"Physalis hederaefolia var. fendleri",0,"(A.Gray) A.Cronquist",,,,,,,urn:uuid:8468b2ed-1c4d-400a-8a31-1998d75fefb0,"2015-12-10 14:27:13"
5573258,"R.R. Halse",,1971-06-28,,"Physalis fendleri",0,Gray,,,,,,,urn:uuid:453ae767-11e9-4665-9f20-f7d9729834da,"2015-12-10 14:27:13"
5573258,"R.R. Halse",,1971-06-28,,"Physalis hederifolia",0,"A. Gray",,,,,,,urn:uuid:000193de-1682-4e56-8fdd-b96edeea83df,"2014-12-23 15:15:32"
5573258,"Richard R. Halse",,1971-06-28,,"Physalis fendleri",0,Gray,,,,,,,urn:uuid:d1d10643-a90f-413d-b4c8-9b2769416d5b,"2016-05-15 00:21:15"
5573258,"Janet R. Sullivan",,9-1995,,"Physalis hederaefolia var. fendleri",0,"(A.Gray) A.Cronquist",,,,,,,urn:uuid:9cabbe86-be92-4ff4-b45d-3645e96fe006,"2015-12-10 14:27:13"
5573255,"Richard R. Halse",,1971,,"Physalis fendleri",0,Gray,,,,,,,urn:uuid:27d53b5b-aced-4269-935f-057d573f697f,"2016-05-15 00:21:15"
5573255,"R.R. Halse",,1971-08-10,,"Physalis fendleri",0,Gray,,,,,,,urn:uuid:709fc61f-d45d-4039-8770-d559d976b79b,"2015-12-10 14:27:13"
5573255,"R.R. Halse",,1971-08-10,,"Physalis hederifolia",0,"A. Gray",,,,,,,urn:uuid:3741de7b-ab87-45e5-af89-90cc35e845bd,"2014-12-23 15:15:32"
5573255,"Janet R. Sullivan",,9-1995,,"Physalis hederaefolia var. fendleri",0,"(A.Gray) A.Cronquist",,,,,,,urn:uuid:03bd3823-b83c-473c-8e96-b3ac709bda62,"2015-12-10 14:27:13"
5573173,"R. S. Felger",,1967-11-05,,"Physalis crassifolia var. infundibularis",0,"I.M. Johnston",,,,,,,urn:uuid:bfb4d9a4-5e11-44e2-8c82-996554f55290,"2014-12-23 15:15:32"
5573172,"R. S. Felger",,1967-11-05,,"Physalis crassifolia var. infundibularis",0,"I.M. Johnston",,,,,,,urn:uuid:46cc9444-f239-41fa-820b-132cae7c60fc,"2014-12-23 15:15:32"
998006,"A. Valiente-Banuet",,1985-05-14,,"Physalis crassifolia var. infundibularis",0,"I.M. Johnston",,,,,,,urn:uuid:077fc909-a18c-45e0-93f7-16d806f2a04f,"2014-07-25 19:26:02"
936202,"Benjamin T. Wilder",,2007-03-08,,"Physalis crassifolia var. infundibularis",0,"I.M. Johnston",,,,,,,urn:uuid:26d8b448-f9a1-40d0-89cd-7179279d930b,"2014-07-25 19:26:02"
3351946,"Janet R. Sullivan",,10/95,,"Physalis hederaefolia var. hederaefolia",0,,,,,,"Annotated for the Flora of North America",,urn:uuid:49e74c55-a7ba-4786-a57c-145490022c51,"2014-07-25 19:26:02"
996793,"S.S. White",,1940-08-04,,"Physalis hederaefolia",0,Holz.,,,,,,,urn:uuid:642bc32b-cc26-4ac0-b25d-a5b8c50cacfd,"2014-07-25 19:26:02"
996792,"F. Shreve",,1940-08-19,,"Physalis hederaefolia",0,Holz.,,,,,,,urn:uuid:61ebe251-d6db-4a76-bed5-cd36cfeb8f24,"2014-07-25 19:26:02"
996791,"K.R. Adams",,1999-06-07,,"Physalis hederaefolia",0,Holz.,,,,,,,urn:uuid:0e60387e-f29c-4099-8e7d-2e614adca696,"2014-07-25 19:26:02"
996790,"N.D. Atwood",,1997-07-15,,"Physalis hederaefolia",0,Holz.,,,,,,,urn:uuid:bc856ab0-de0f-40a7-b0c5-e7e3988575fa,"2014-07-25 19:26:02"
996789,"D.H. LeSueur",,1935-10-15,,"Physalis hederaefolia",0,Holz.,,,,,,,urn:uuid:8e2e06de-b663-4852-99fd-3cbd2731416c,"2014-07-25 19:26:02"
997996,"J.R. Hastings",,1967-10-06,,"Physalis crassifolia var. infundibularis",0,"I.M. Johnston",,,,,,,urn:uuid:f2e8ed65-8ae1-411b-8d22-5979831f0abb,"2014-07-25 19:26:02"
997997,"R.V. Moran",,1959-03-24,,"Physalis crassifolia var. infundibularis",0,"I.M. Johnston",,,,,,,urn:uuid:1828e699-eb5c-42d1-b3ec-cc70cae3fa39,"2014-07-25 19:26:02"
998005,"R. S. Felger",,1967-11-05,,"Physalis crassifolia var. infundibularis",0,"I.M. Johnston",,,,,,,urn:uuid:17e4b575-2769-476a-9289-d9e9e4ae184d,"2014-07-25 19:26:02"
998004,"R. S. Felger",,1968-04-11,,"Physalis crassifolia var. infundibularis",0,"I.M. Johnston",,,,,,,urn:uuid:2de1796b-1e9e-42c3-a43a-00189ea33fcf,"2014-07-25 19:26:02"
998003,"R. S. Felger",,1967-11-05,,"Physalis crassifolia var. infundibularis",0,"I.M. Johnston",,,,,,,urn:uuid:bd667a41-44a3-4ad1-97dd-f46ede35d0f3,"2014-07-25 19:26:02"
998002,"R. S. Felger",,1968-04-10,,"Physalis crassifolia var. infundibularis",0,"I.M. Johnston",,,,,,,urn:uuid:f894e73f-a85c-4eb9-8e37-27bddbbb8879,"2014-07-25 19:26:02"
998001,"T. R. Van Devender",,1990-09-13,,"Physalis crassifolia var. infundibularis",0,"I.M. Johnston",,,,,,,urn:uuid:b3a97116-abcf-488a-be2e-3131b6a0fc74,"2014-07-25 19:26:02"
998000,"T.L. Burgess",,1990-07-21,,"Physalis crassifolia var. infundibularis",0,"I.M. Johnston",,,,,,,urn:uuid:5a6edbc4-3c24-44be-92ce-ee0fc1670ad9,"2014-07-25 19:26:02"
997999,"J.R. Hastings",,1971-03-13,,"Physalis crassifolia var. infundibularis",0,"I.M. Johnston",,,,,,,urn:uuid:0b87ea58-1515-46ad-9476-2d9a9b9c4a36,"2014-07-25 19:26:02"
997998,"I.L. Wiggins",,1960-03-22,,"Physalis crassifolia var. infundibularis",0,"I.M. Johnston",,,,,,,urn:uuid:3994ae89-5368-43ed-9e6e-fa7daab8f6bb,"2014-07-25 19:26:02"
996788,"S.S. White",,1938-07-18,,"Physalis hederaefolia",0,Holz.,,,,,,,urn:uuid:c9a3384c-d644-49e2-a40e-77bf56d13da3,"2014-07-25 19:26:02"
3243014,"James Henrickson",,1971-01-01,,"Physalis hederifolia var. puberula",0,"A. Gray",,,,,,,urn:uuid:c48fb504-15ff-473f-b858-d5b17e8d6467,"2014-07-25 19:26:02"
998013,"T.L. Burgess",,1978-08-14,,"Physalis crassifolia var. versicolor",0,"(Rydb.) Waterfall",,,,,,,urn:uuid:4ac07873-5529-42ef-8e52-e389363589dc,"2014-07-25 19:26:02"
884820,"Benjamin T. Wilder",,2006-11-24,,"Physalis crassifolia var. versicolor",0,"(Rydb.) Waterfall",,,,,,,urn:uuid:a4f71d0d-7031-4e77-b080-2c0f28dcadb8,"2014-07-25 19:26:02"
884819,"Benjamin Wilder",,2006-03-19,,"Physalis crassifolia var. versicolor",0,"(Rydb.) Waterfall",,,,,,,urn:uuid:fa27b750-bfa8-47a0-87a6-39bf22845412,"2014-07-25 19:26:02"
884818,"R. S. Felger",,1976-12-11,,"Physalis crassifolia var. versicolor",0,"(Rydb.) Waterfall",,,,,,,urn:uuid:d3cf10fd-36f4-414a-8ba5-f1c57c72eec9,"2014-07-25 19:26:02"
960331,"Alberto Burquez Montijo",,s.d.,,"Physalis crassifolia var. crassifolia",0,Benth.,,,,,,,urn:uuid:e4c6bbd9-0c87-42dd-bc6b-c3b47aa69b3b,"2014-07-25 19:26:02"
17758143,"Janet R. Sullivan",,10/95,,"Physalis crassifolia",0,Benth.,,,,,,,urn:uuid:ee37a136-9863-423f-9d8b-e6826edd082a,"2018-03-05 17:40:21"
17758143,"Percy Train",,1938,,"Physalis crassifolia var. cardiophylla",0,"(Torr.) Gray",,,,,,,urn:uuid:8058f405-4d95-4bd6-94af-96b66fb47039,"2018-03-05 17:40:21"
17758143,"U.T. Waterfall",,1956,,"Physalis crassifolia var. crassifolia",0,,,,,,,,urn:uuid:1c23dd8d-5f0a-4987-8f16-92acbd148b7c,"2018-03-05 17:40:21"
17758142,"Janet R. Sullivan",,10/95,,"Physalis crassifolia",0,Benth.,,,,,,,urn:uuid:4464d1e9-4d71-45d2-8fe6-56113d8fda70,"2018-03-05 17:40:21"
17758142,"T.H. Kearney",,1939,,"Physalis crassifolia",0,Benth.,,,,,,,urn:uuid:8a730c51-e77f-42f4-b35f-affdfbb0fb82,"2018-03-05 17:40:21"
17758142,"U.T. Waterfall",,1956,,"Physalis crassifolia var. crassifolia",0,,,,,,,,urn:uuid:d7ca507e-1d2e-4e7e-91f3-2a30c94469cd,"2018-03-05 17:40:21"
884821,"Benjamin T. Wilder",,2006-11-24,,"Physalis crassifolia var. versicolor",0,"(Rydb.) Waterfall",,,,,,,urn:uuid:b1ddf717-0c3d-4bba-8a9d-1e4df88ef20b,"2014-07-25 19:26:02"
936203,"Richard Felger 2001",,s.d.,,"Physalis crassifolia var. versicolor",0,"(Rydb.) Waterfall",,,,,,,urn:uuid:e8329721-71a5-4e8e-8588-4afa57581b6b,"2014-07-25 19:26:02"
998012,"R. S. Felger",,1964-08-10,,"Physalis crassifolia var. versicolor",0,"(Rydb.) Waterfall",,,,,,,urn:uuid:b909d47f-3c78-4df8-b6fa-f5fbac13f6e5,"2014-07-25 19:26:02"
998011,"R. S. Felger",,1963-04-05,,"Physalis crassifolia var. versicolor",0,"(Rydb.) Waterfall",,,,,,,urn:uuid:0fad6a0a-ef82-45e6-9dd4-ba1f0daa7e8a,"2014-07-25 19:26:02"
998010,"R. S. Felger",,1965-01-31,,"Physalis crassifolia var. versicolor",0,"(Rydb.) Waterfall",,,,,,,urn:uuid:cd8d9335-0beb-4f91-b25e-e7aff3d55d38,"2014-07-25 19:26:02"
998009,"R. S. Felger",,1965-02-14,,"Physalis crassifolia var. versicolor",0,"(Rydb.) Waterfall",,,,,,,urn:uuid:56716485-0d49-4c70-b67e-adbb3a561c6c,"2014-07-25 19:26:02"
998008,"R. S. Felger",,1966-12-22,,"Physalis crassifolia var. versicolor",0,"(Rydb.) Waterfall",,,,,,,urn:uuid:10096e2d-704f-455c-a2ac-18ebe850dcba,"2014-07-25 19:26:02"
998007,"I.L. Wiggins",,1934-09-16,,"Physalis crassifolia var. versicolor",0,"(Rydb.) Waterfall",,,,,,,urn:uuid:f869009f-bd08-4e08-8cd5-e48b43ea40eb,"2014-07-25 19:26:02"
950105,"R. S. Felger",,2008-01-29,,"Physalis crassifolia var. versicolor",0,"(Rydb.) Waterfall",,,,,,,urn:uuid:04033d3c-2c23-49af-8a99-182bc391fc6d,"2014-07-25 19:26:02"
936204,"Benjamin T. Wilder",,2007-03-10,,"Physalis crassifolia var. versicolor",0,"(Rydb.) Waterfall",,,,,,,urn:uuid:946677f5-e822-46de-9717-f3edd38766e0,"2014-07-25 19:26:02"
5567795,"W.E. Niles",,1968-11-02,,"Physalis crassifolia",0,Benth.,,,,,,,urn:uuid:e80b9828-a170-404d-ac63-95e53562a18c,"2014-12-23 15:15:32"
5567794,"D.J. Pinkava",,1972-11-25,,"Physalis crassifolia",0,Benth.,,,,,,,urn:uuid:69695f44-83a8-4d06-9534-02e614575323,"2014-12-23 15:15:32"
5567793,"J.C. Blumer",,1917-12-01,,"Physalis crassifolia",0,Benth.,,,,,,,urn:uuid:4e38ebde-3839-4db0-b82b-d7b66806b4f3,"2014-12-23 15:15:32"
5567792,"H.D. Galt",,1968-09-06,,"Physalis crassifolia",0,Benth.,,,,,,,urn:uuid:94682a5c-248f-4253-a883-6813360a0ada,"2014-12-23 15:15:32"
5567791,Ducote,,1980-04-08,,"Physalis crassifolia",0,Benth.,,,,,,,urn:uuid:8febad6e-04ea-4fbc-bfbe-b80d6f7239f7,"2014-12-23 15:15:32"
5567790,"A.M. Phillips",,1973-05-16,,"Physalis crassifolia",0,Benth.,,,,,,,urn:uuid:518f0346-98a5-4985-a4b7-2a13fb229e23,"2014-12-23 15:15:32"
5567790,"A.M. Phillips, III",,1973-05-16,,"Physalis crassifolia",0,Benth.,,,,,,,urn:uuid:fd279b5f-d619-4de3-9e62-4127ba6be9ff,"2017-04-06 14:47:48"
5567790,"Janet R. Sullivan",,"Oct 1995",,"Physalis crassifolia",0,Benth.,,,,,,,urn:uuid:4cd9207a-5a1f-4d1a-b6e9-0456a64c808a,"2017-04-06 14:47:48"
5567789,"R.E. McManus",,1974-03-17,,"Physalis crassifolia",0,Benth.,,,,,,,urn:uuid:7bc60825-6eec-4351-a568-307cf967603f,"2014-12-23 15:15:32"
5567788,"F.W. Gould",,1947-01-07,,"Physalis crassifolia",0,Benth.,,,,,,,urn:uuid:bb3bbd4b-3d52-41a4-aa72-c7e0c6e17fdc,"2014-12-23 15:15:32"
5567796,"D.K. Warren",,1968-08-27,,"Physalis crassifolia",0,Benth.,,,,,,,urn:uuid:0da6ff61-0754-4739-8f2b-b1a1b2bad34e,"2014-12-23 15:15:32"
5567797,"R. H. Peebles",,1928-03-08,,"Physalis crassifolia",0,Benth.,,,,,,,urn:uuid:b40a3cf9-f454-4206-9505-8f0faf1e86e8,"2014-12-23 15:15:32"
5582914,"P. Jenkins",,2007-03-01,cf.,"Physalis crassifolia",0,Benth.,,,,,,,urn:uuid:725050ee-0de1-49bb-9f82-7e5e801ddb08,"2014-12-23 15:15:32"
5578758,"R. S. Felger",,2002-02-02,,"Physalis crassifolia",0,Benth.,,,,,,,urn:uuid:62a78c56-e2c1-4485-b669-33c45497cb5e,"2014-12-23 15:15:32"
5575647,"Peter Holm",,2001-09-06,,"Physalis crassifolia",0,Benth.,,,,,,,urn:uuid:84ca013f-3e56-411c-b150-f55140ca2ae0,"2014-12-23 15:15:32"
5575646,"Steven P. McLaughlin",,1998-04-06,,"Physalis crassifolia",0,Benth.,,,,,,,urn:uuid:84505f34-4ce2-4811-a87e-a63ceede66dc,"2014-12-23 15:15:32"
5567787,"P.S. Martin",,1970-08-22,,"Physalis crassifolia",0,Benth.,,,,,,,urn:uuid:d50361b4-0402-4cd4-b60c-5a00690d7188,"2014-12-23 15:15:32"
998015,"G.D. Starr",,1983-03-15,,"Physalis crassifolia var. versicolor",0,"(Rydb.) Waterfall",,,,,,,urn:uuid:4784cd78-78c3-4e72-a73e-4399648923ac,"2014-07-25 19:26:02"
5578759,"Steven P. McLaughlin",,1999-09-01,,"Physalis hederifolia var. hederifolia",0,"A. Gray",,,,,,,urn:uuid:640e14f3-6d19-41af-9bc7-e71798cf1ef4,"2014-12-23 15:15:32"
1906537,"R. F. Thorne",,1977-09-01,,"Physalis fendleri",0,"A. Gray",,,,,,,urn:uuid:77bd3360-56fc-4020-ba80-b12d2775bc61,"2014-07-25 19:26:02"
1906537,ARIZ,,2011-01-01,,"Physalis hederifolia var. cordifolia",0,"(A. Gray) Waterf.",,,,,,"Nomenclatural Adjustment: fide syn. Fl. N. Amer. 2(1): 395, 1878, in Tropicos, 2011",urn:uuid:79c1e041-3227-43a5-aed5-e58dc9f21e4d,"2014-07-25 19:26:02"
5567718,"E.U. Clover",,1914-04-01,,"Physalis crassifolia",0,Benth.,,,,,,,urn:uuid:a8300cae-a5bf-4c13-9f6f-0cd953b081e6,"2014-12-23 15:15:32"
5567718,"E.U. Clover",,1941,,"Physalis crassifolia var. cardiophylla",0,"(Torr.) Gray",,,,,,,urn:uuid:b437cb35-84ac-4b98-9d0f-d4b23bc9bc42,"2018-03-05 17:40:21"
5567718,"U.T. Waterfall",,1956,,"Physalis crassifolia var. versicolor",0,"(Rydb.) Waterfall",,,,,,,urn:uuid:1bee51ce-5196-404f-a8ed-2ab256a10295,"2018-03-05 17:40:21"
999275,"Raymundo Barnett Morales",,2008-09-03,,"Physalis crassifolia var. versicolor",0,"(Rydb.) Waterfall",,,,,,,urn:uuid:9e7136e6-4144-453d-9f5f-0a4e2c5435ba,"2014-07-25 19:26:02"
998041,"I.L. Wiggins",,1941-09-05,,"Physalis crassifolia var. versicolor",0,"(Rydb.) Waterfall",,,,,,,urn:uuid:35f5c04e-ecaa-4a93-9308-203c0ba9174f,"2014-07-25 19:26:02"
998040,"I.L. Wiggins",,1941-09-01,,"Physalis crassifolia var. versicolor",0,"(Rydb.) Waterfall",,,,,,,urn:uuid:55bcaf5a-1b1d-4d6d-80f5-4e2753d73d03,"2014-07-25 19:26:02"
998039,"F. Shreve",,1934-09-16,,"Physalis crassifolia var. versicolor",0,"(Rydb.) Waterfall",,,,,,,urn:uuid:63d918f2-ef49-45f8-b282-65a27550f0c0,"2014-07-25 19:26:02"
998038,"S.S. White",,1938-07-25,,"Physalis crassifolia var. versicolor",0,"(Rydb.) Waterfall",,,,,,,urn:uuid:e6404e6d-d6e5-420f-98f1-e06168bdb389,"2014-07-25 19:26:02"
855415,"Patricia A. West",,2001-08-08,,"Physalis hederifolia var. fendleri",0,"(A. Gray) Cronq.",,,,,,,urn:uuid:a575a33f-6470-430c-b9d3-5130d1627bef,"2014-07-25 19:26:02"
953331,CEMML,,1992-05-04,,"Physalis hederifolia var. fendleri",0,"(A. Gray) Cronq.",,,,,,"Plant Inventory and Determination by Center for Environmental Management of Military Lands (CEMML), Department of Forest Sciences, Colorado State University, Fort Collins. Syn: Physalis fendleri",urn:uuid:489f0a0e-cc38-484b-8c9d-1116023b29c6,"2014-07-25 19:26:02"
953331,CEMML,,1992-07-08,,"Bouteloua hirsuta",0,Lag.,,,,,,"Plant Inventory and Determination by Center for Environmental Management of Military Lands (CEMML), Department of Forest Sciences, Colorado State University, Fort Collins.",urn:uuid:2b917131-1ff6-43ff-908f-955e5d86626e,"2014-07-25 19:26:02"
953331,CEMML,,1992-07-22,,"Bouteloua hirsuta",0,Lag.,,,,,,"Plant Inventory and Determination by Center for Environmental Management of Military Lands (CEMML), Department of Forest Sciences, Colorado State University, Fort Collins.",urn:uuid:eba16d3b-0692-424e-ac21-7c3a4611cebf,"2014-07-25 19:26:02"
953331,CEMML,,1993-07-08,,"Elymus arizonicus",0,"(Scribn. & J.G. Sm.) Gould",,,,,,"Plant Inventory and Determination by Center for Environmental Management of Military Lands (CEMML), Department of Forest Sciences, Colorado State University, Fort Collins. Syn: Agropyron arizoncum",urn:uuid:f00cd6ca-96f2-4486-a680-3d6b955ec67c,"2014-07-25 19:26:02"
888291,"Patricia A. West",,2001-09-10,,"Physalis hederifolia var. hederifolia",0,"A. Gray",,,,,,,urn:uuid:e561c5bb-211b-43ee-88ee-531c2ac2162f,"2014-07-25 19:26:02"
888290,"Patricia A. West",,2001-05-30,,"Physalis hederifolia var. hederifolia",0,"A. Gray",,,,,,,urn:uuid:cee8ee22-8aca-4ef5-8c91-902f350278ae,"2014-07-25 19:26:02"
888289,"Steven P. McLaughlin",,2000-09-11,,"Physalis hederifolia var. hederifolia",0,"A. Gray",,,,,,,urn:uuid:06e834b4-353c-487a-8585-6c77362e7346,"2014-07-25 19:26:02"
5575649,"Steven P. McLaughlin",,1998-07-24,,"Physalis hederifolia var. fendleri",0,"(A. Gray) Cronq.",,,,,,,urn:uuid:d6fd392d-0b15-41a0-ad46-5052edc6f0b0,"2014-12-23 15:15:32"
5573270,"Dup. det. Janet Sullivan, Sep 1995",,s.d.,,"Physalis hederifolia var. fendleri",0,"(A. Gray) Cronq.",,,,,,,urn:uuid:0fbbf506-a17a-4db7-97aa-9b16d8e51556,"2014-12-23 15:15:32"
996773,"R. S. Felger",,1968-04-12,,"Physalis hederaefolia",0,Holz.,,,,,,,urn:uuid:fc4435b4-11dc-4284-983d-82d7c49bcab6,"2014-07-25 19:26:02"
998037,"T. R. Van Devender",,1995-02-27,,"Physalis crassifolia var. versicolor",0,"(Rydb.) Waterfall",,,,,,,urn:uuid:da62a7bb-e319-4453-9dbc-aa9794d0b68b,"2014-07-25 19:26:02"
998036,"A.C. Sanders",,1989-09-05,,"Physalis crassifolia var. versicolor",0,"(Rydb.) Waterfall",,,,,,,urn:uuid:88d06935-e210-4556-9e38-450349cfd287,"2014-07-25 19:26:02"
998035,"R. S. Felger",,1992-12-13,,"Physalis crassifolia var. versicolor",0,"(Rydb.) Waterfall",,,,,,,urn:uuid:aed8790f-8c2d-4a6e-a8b6-4a668e17683d,"2014-07-25 19:26:02"
998024,"H. S. Gentry",,1954-09-26,,"Physalis crassifolia var. versicolor",0,"(Rydb.) Waterfall",,,,,,,urn:uuid:96d8d7fc-e835-43b2-a016-5f97946f5be1,"2014-07-25 19:26:02"
998023,"H. S. Gentry",,1954-10-01,,"Physalis crassifolia var. versicolor",0,"(Rydb.) Waterfall",,,,,,,urn:uuid:950c9ee9-5ff2-4b5d-b516-3315a504b881,"2014-07-25 19:26:02"
998022,"R. S. Felger",,1968-02-20,,"Physalis crassifolia var. versicolor",0,"(Rydb.) Waterfall",,,,,,,urn:uuid:7f760710-923e-4771-996f-d3ccd33e3aa0,"2014-07-25 19:26:02"
998021,"R. S. Felger",,1967-04-28,,"Physalis crassifolia var. versicolor",0,"(Rydb.) Waterfall",,,,,,,urn:uuid:23f884d0-acd2-4a18-b618-b949a4bdd78b,"2014-07-25 19:26:02"
998020,"R. S. Felger",,1968-04-12,,"Physalis crassifolia var. versicolor",0,"(Rydb.) Waterfall",,,,,,,urn:uuid:8ac9e096-c05e-46c9-82ba-7a6f81830b28,"2014-07-25 19:26:02"
998019,"R. S. Felger",,1967-04-28,,"Physalis crassifolia var. versicolor",0,"(Rydb.) Waterfall",,,,,,,urn:uuid:8c3d15aa-5d81-4f28-a8ac-c11720ea4a3b,"2014-07-25 19:26:02"
998018,"R. S. Felger",,1966-12-22,,"Physalis crassifolia var. versicolor",0,"(Rydb.) Waterfall",,,,,,,urn:uuid:75006558-59f7-44b8-9ed2-9a8efd6f06a8,"2014-07-25 19:26:02"
998017,"R. S. Felger",,1966-12-22,,"Physalis crassifolia var. versicolor",0,"(Rydb.) Waterfall",,,,,,,urn:uuid:00288b98-ee6e-42ff-b204-6d7c0d2b83bf,"2014-07-25 19:26:02"
998025,"H. S. Gentry",,1954-09-25,,"Physalis crassifolia var. versicolor",0,"(Rydb.) Waterfall",,,,,,,urn:uuid:699dcf3b-eb9a-4c20-ba9b-d310b9f04739,"2014-07-25 19:26:02"
998026,"T. R. Van Devender",,1991-02-14,,"Physalis crassifolia var. versicolor",0,"(Rydb.) Waterfall",,,,,,,urn:uuid:c6c51c11-b77f-4f09-8de8-922dbc1dc909,"2014-07-25 19:26:02"
998034,"T. R. Van Devender",,1994-11-18,,"Physalis crassifolia var. versicolor",0,"(Rydb.) Waterfall",,,,,,,urn:uuid:15c725d9-cd90-405a-b387-60eced2b49b1,"2014-07-25 19:26:02"
998033,"G. Flores F.",,1987-01-13,,"Physalis crassifolia var. versicolor",0,"(Rydb.) Waterfall",,,,,,,urn:uuid:a9210b08-d494-4cdc-8177-3dd166838f84,"2014-07-25 19:26:02"
998032,"T. R. Van Devender",,1994-12-31,,"Physalis crassifolia var. versicolor",0,"(Rydb.) Waterfall",,,,,,,urn:uuid:e69de1bc-2d30-4a61-9a24-14067908771b,"2014-07-25 19:26:02"
998031,"T. R. Van Devender",,1993-09-20,,"Physalis crassifolia var. versicolor",0,"(Rydb.) Waterfall",,,,,,,urn:uuid:fd69633d-230f-4aa5-87ef-0efacad8de6c,"2014-07-25 19:26:02"
998030,"R. S. Felger",,1960-07-23,,"Physalis crassifolia var. versicolor",0,"(Rydb.) Waterfall",,,,,,,urn:uuid:a8c48d2a-eaf7-4187-93a3-0a627faeb7d9,"2014-07-25 19:26:02"
998029,"F.W. Reichenbacher",,1983-08-17,,"Physalis crassifolia var. versicolor",0,"(Rydb.) Waterfall",,,,,,,urn:uuid:9a2c9dea-689b-4c9f-808a-36bb10ebed7a,"2014-07-25 19:26:02"
998028,"H. S. Gentry",,1954-10-17,,"Physalis crassifolia var. versicolor",0,"(Rydb.) Waterfall",,,,,,,urn:uuid:d717c500-2793-4b6e-82ac-34f167019017,"2014-07-25 19:26:02"
998027,"H. S. Gentry",,1936-08-05,,"Physalis crassifolia var. versicolor",0,"(Rydb.) Waterfall",,,,,,,urn:uuid:94590888-d23e-4b66-b403-f9f847855af4,"2014-07-25 19:26:02"
998016,"T. R. Van Devender",,1982-01-31,,"Physalis crassifolia var. versicolor",0,"(Rydb.) Waterfall",,,,,,,urn:uuid:311fe591-f0f4-478d-9b41-5f6ba622b549,"2014-07-25 19:26:02"
5573235,"R. H. Peebles",,1930-05-06,,"Physalis hederifolia",0,"A. Gray",,,,,,,urn:uuid:747a6f9a-d9db-4cb6-87b0-70f78ef72ed0,"2014-12-23 15:15:32"
5573256,"T. H. Kearney",,1935-09-25,,"Physalis hederifolia",0,"A. Gray",,,,,,,urn:uuid:3144cfc2-8e28-47c5-a5d2-46ec50a7a645,"2014-12-23 15:15:32"
5573257,"Carl-Eric Granfelt",,1970-07-23,,"Physalis hederifolia",0,"A. Gray",,,,,,,urn:uuid:15d30519-8c26-482a-9d3b-8259d823f077,"2014-12-23 15:15:32"
5573259,"D.T. MacDougal",,1898-07-13,,"Physalis hederifolia",0,"A. Gray",,,,,,,urn:uuid:e42d3b3f-1d52-43e8-932b-028959780e0a,"2014-12-23 15:15:32"
5573260,"G. J. Harrison",,1928-08-26,,"Physalis hederifolia",0,"A. Gray",,,,,,,urn:uuid:4c6f373b-0868-4051-ae72-543c8ce47d5c,"2014-12-23 15:15:32"
5573261,"K.F. Parker",,1946-08-13,,"Physalis hederifolia",0,"A. Gray",,,,,,,urn:uuid:7262e7dc-e584-4fec-95d8-20a1814f72dc,"2014-12-23 15:15:32"
5573264,"T. R. Van Devender",,1980-08-18,,"Physalis hederifolia",0,"A. Gray",,,,,,,urn:uuid:b64fb19c-c83a-4f96-a16c-97abefee509b,"2014-12-23 15:15:32"
5573267,"R.R. Johnson",,1959-08-23,,"Physalis hederifolia",0,"A. Gray",,,,,,,urn:uuid:3a844d92-d105-4a96-99e7-589e4cc765d4,"2014-12-23 15:15:32"
5573268,"L.N. Goodding",,1912-06-26,,"Physalis hederifolia",0,"A. Gray",,,,,,,urn:uuid:6a53fbb4-e893-4ae8-b82c-23f215f91397,"2014-12-23 15:15:32"
5573269,"J.J. Thornber",,1907-08-11,,"Physalis hederifolia",0,"A. Gray",,,,,,,urn:uuid:389731eb-279f-434c-9f9c-e716de86c83c,"2014-12-23 15:15:32"
5581184,"Patricia A. West",,2001-05-02,,"Physalis hederifolia",0,"A. Gray",,,,,,,urn:uuid:da4c5238-6eca-4c5a-bb1b-c1d3b0680a56,"2014-12-23 15:15:32"
855185,"Steven P. McLaughlin",,1992-01-01,,"Physalis pubescens",0,L.,,,,,,,urn:uuid:3695ab56-be1b-44ff-80f6-270248437dd8,"2014-07-25 19:26:02"
855185,"Janet R. Sullivan",,1995-10-01,,"Physalis crassifolia",0,Benth.,,,,,,,urn:uuid:cb2b4c5e-0154-41b2-a10f-86f82410ff24,"2014-07-25 19:26:02"
5573254,"C. Whitfield",,1932-12-01,,"Physalis hederifolia",0,"A. Gray",,,,,,,urn:uuid:9f0a5b58-0e36-4f01-8705-58a211fea4c3,"2014-12-23 15:15:32"
5573253,"F. W. Gould",,1946-08-24,,"Physalis hederifolia",0,"A. Gray",,,,,,,urn:uuid:93261400-35e0-4076-8533-d1fe55f04353,"2014-12-23 15:15:32"
5573252,"G. J. Harrison",,1931-08-02,,"Physalis hederifolia",0,"A. Gray",,,,,,,urn:uuid:3517c40c-9fe8-4110-aa4b-cf56d29e94d5,"2014-12-23 15:15:32"
5573236,"K.R. Adams",,1992-07-11,,"Physalis hederifolia",0,"A. Gray",,,,,,,urn:uuid:21e7512e-d52a-4d32-957c-7ece36bae274,"2014-12-23 15:15:32"
5573238,"S.P. McLaughlin",,1986-09-01,,"Physalis hederifolia",0,"A. Gray",,,,,,,urn:uuid:9c51dd58-5b83-40c7-95e1-f7040886df91,"2014-12-23 15:15:32"
5573239,"L.N. Goodding",,1948-08-28,,"Physalis hederifolia",0,"A. Gray",,,,,,,urn:uuid:5a2b993e-c94b-4d71-92b0-b8d239b31fd1,"2014-12-23 15:15:32"
5573240,"Steven P. McLaughlin",,1988-09-18,,"Physalis hederifolia",0,"A. Gray",,,,,,,urn:uuid:2278f09b-5db9-4690-9418-ec0633511227,"2014-12-23 15:15:32"
5573241,"F.W. Gould",,1944-10-07,,"Physalis hederifolia",0,"A. Gray",,,,,,,urn:uuid:7127df14-17cb-4f1c-a2a5-64a1a4ba4da7,"2014-12-23 15:15:32"
5573242,"R.A. Darrow",,1945-08-29,,"Physalis hederifolia",0,"A. Gray",,,,,,,urn:uuid:2a0acfd7-0127-40d8-9dbe-c8df72d1e9b1,"2014-12-23 15:15:32"
5573243,"K.F. Parker",,2000-12-01,,"Physalis hederifolia",0,"A. Gray",,,,,,,urn:uuid:ccedfb0c-d4c3-4c92-af47-d196f4c727ce,"2014-12-23 15:15:32"
5573245,"S.S. Landrum",,1986-08-11,,"Physalis hederifolia",0,"A. Gray",,,,,,,urn:uuid:70c51e20-742e-4c7b-972c-b0fac90c5cfd,"2014-12-23 15:15:32"
5573246,"J.J. Thornber",,1905-12-01,,"Physalis hederifolia",0,"A. Gray",,,,,,,urn:uuid:85e89baf-387c-40f3-9c3f-37737271c7b0,"2014-12-23 15:15:32"
5573247,"J.J. Thornber",,1905-12-01,,"Physalis hederifolia",0,"A. Gray",,,,,,,urn:uuid:0790c690-1d80-4e6e-8777-040d8bed5cef,"2014-12-23 15:15:32"
5573248,"J.S. Holland",,1976-05-09,,"Physalis hederifolia",0,"A. Gray",,,,,,,urn:uuid:f1fc0e29-0333-4761-87a2-dc7a7cbc765d,"2014-12-23 15:15:32"
5573249,"T. R. Van Devender",,1976-08-26,,"Physalis hederifolia",0,"A. Gray",,,,,,,urn:uuid:34fdf5aa-4cce-4726-8545-5f596838efbb,"2014-12-23 15:15:32"
5573250,"L. Benson",,1940-09-11,,"Physalis hederifolia",0,"A. Gray",,,,,,,urn:uuid:34b5b020-595e-4159-8a32-37a601e0d8cf,"2014-12-23 15:15:32"
5573251,"D.J. Pinkava",,1979-09-14,,"Physalis hederifolia",0,"A. Gray",,,,,,,urn:uuid:6a1517d7-e6e8-4193-a0bf-36ebd175f002,"2014-12-23 15:15:32"
5573263,Cottam,,1927-07-10,,"Physalis hederifolia",0,"A. Gray",,,,,,,urn:uuid:c243e4d1-1827-45b1-b1f9-cbbf3d159150,"2014-12-23 15:15:32"
855232,"Patricia A. West",,2001-05-24,,"Physalis crassifolia",0,Benth.,,,,,,,urn:uuid:493917db-fe06-498e-b181-d9a94169e645,"2014-07-25 19:26:02"
855233,"R. S. Felger",,1966-08-02,,"Physalis crassifolia",0,Benth.,,,,,,,urn:uuid:a28ebc86-a068-415e-a1c3-9a3acb1c20a0,"2014-07-25 19:26:02"
996687,"S.S. White",,1941-08-19,,"Physalis crassifolia",0,Benth.,,,,,,,urn:uuid:210050af-488f-459a-ab2d-df0c1e38fb0d,"2014-07-25 19:26:02"
996688,"R.M. Turner",,1959-03-15,,"Physalis crassifolia",0,Benth.,,,,,,,urn:uuid:b91e8d32-b925-47de-b191-a7fb51db8ab0,"2014-07-25 19:26:02"
996689,"S.S. White",,1938-07-20,,"Physalis crassifolia",0,Benth.,,,,,,,urn:uuid:ae5d32c6-d80d-47c5-8c0f-a5746fbfc7c5,"2014-07-25 19:26:02"
996690,"S.S. White",,1938-07-17,,"Physalis crassifolia",0,Benth.,,,,,,,urn:uuid:4ed63442-2a44-49ce-a6c9-8caf132be31f,"2014-07-25 19:26:02"
996691,"J.R. Reeder",,1979-03-24,,"Physalis crassifolia",0,Benth.,,,,,,,urn:uuid:abebabdd-2c7b-45e4-aa08-915a8147bb8c,"2014-07-25 19:26:02"
996692,"T. R. Van Devender",,1977-11-25,,"Physalis crassifolia",0,Benth.,,,,,,,urn:uuid:4fe30bf6-b0a0-4d62-a34e-fa8462e819ab,"2014-07-25 19:26:02"
996693,"M.B. Moser",,1966-10-30,,"Physalis crassifolia",0,Benth.,,,,,,,urn:uuid:3f748822-0e7a-458a-97a0-6e2c2e312c35,"2014-07-25 19:26:02"
996694,"R. S. Felger",,1970-04-21,,"Physalis crassifolia",0,Benth.,,,,,,,urn:uuid:53b9b4de-f094-4460-a8aa-6696a7dfa3c6,"2014-07-25 19:26:02"
996695,"R. S. Felger",,1970-04-20,,"Physalis crassifolia",0,Benth.,,,,,,,urn:uuid:58d4c8c8-e51b-42a8-8458-514ee30e51c3,"2014-07-25 19:26:02"
996696,"R. S. Felger",,1970-03-08,,"Physalis crassifolia",0,Benth.,,,,,,,urn:uuid:f1554254-892f-4f10-b6c3-8cf2079d78a2,"2014-07-25 19:26:02"
996697,"R. S. Felger",,1970-03-14,,"Physalis crassifolia",0,Benth.,,,,,,,urn:uuid:6d12dbde-7ff8-439d-a7b5-95a2c1d06062,"2014-07-25 19:26:02"
996698,"J.R. Hastings",,1971-10-15,,"Physalis crassifolia",0,Benth.,,,,,,,urn:uuid:c4f2bd54-1bab-4bbb-b88c-c569a60366f8,"2014-07-25 19:26:02"
996699,"J.R. Hastings",,1971-03-25,,"Physalis crassifolia",0,Benth.,,,,,,,urn:uuid:c29b1de0-dfc5-4553-a63d-3d940b3dad5b,"2014-07-25 19:26:02"
996700,"T.L. Burgess",,1981-10-18,,"Physalis crassifolia",0,Benth.,,,,,,,urn:uuid:27192a37-8a71-4b6b-8ec2-06822befb44e,"2014-07-25 19:26:02"
996686,"J.R. Hastings",,1963-10-10,,"Physalis crassifolia",0,Benth.,,,,,,,urn:uuid:cef700fb-f63f-48f1-9245-c70ec149f7c7,"2014-07-25 19:26:02"
996685,"R.V. Moran",,1960-03-19,,"Physalis crassifolia",0,Benth.,,,,,,,urn:uuid:01eee02f-44a8-4e69-b4b8-a132099d67ce,"2014-07-25 19:26:02"
996684,"R.V. Moran",,1959-01-04,,"Physalis crassifolia",0,Benth.,,,,,,,urn:uuid:dd8fb880-dbcb-40e6-af9c-acd0dbf5c037,"2014-07-25 19:26:02"
855234,"Sue Rutman",,2003-01-25,,"Physalis crassifolia",0,Benth.,,,,,,,urn:uuid:06b4aa35-f49c-4820-b698-936e520be627,"2014-07-25 19:26:02"
855235,"R. S. Felger",,1975-01-22,,"Physalis crassifolia",0,Benth.,,,,,,,urn:uuid:db865d16-7a46-4a54-aa56-925193e7d9dd,"2014-07-25 19:26:02"
855236,"R. S. Felger",,1968-04-08,,"Physalis crassifolia",0,Benth.,,,,,,,urn:uuid:2cb3c9bf-916b-4541-a49b-7f3987c955df,"2014-07-25 19:26:02"
855237,"Steven P. McLaughlin",,2005-03-17,,"Physalis crassifolia",0,Benth.,,,,,,,urn:uuid:7731ef9a-aefd-4a8a-a0ff-bf177e3050b8,"2014-07-25 19:26:02"
855238,"Steven P. McLaughlin",,2004-03-05,,"Physalis crassifolia",0,Benth.,,,,,,,urn:uuid:e52f169a-734f-4a70-add4-bebee7cd436f,"2014-07-25 19:26:02"
855239,"Steven P. McLaughlin",,2005-03-12,,"Physalis crassifolia",0,Benth.,,,,,,,urn:uuid:13fe78f5-1379-4352-99fd-ddb1a166414c,"2014-07-25 19:26:02"
855240,"Benjamin T. Wilder",,2006-08-25,,"Physalis crassifolia",0,Benth.,,,,,,,urn:uuid:87228251-3a63-4a9f-af7d-9056980cb910,"2014-07-25 19:26:02"
855241,"Joan Tedford",,2006-09-22,,"Physalis crassifolia",0,Benth.,,,,,,,urn:uuid:7ac4f4f1-1f9f-4993-88bd-3aa26087d54b,"2014-07-25 19:26:02"
921995,"P. Jenkins 1/03",,s.d.,,"Physalis crassifolia",0,Benth.,,,,,,,urn:uuid:ddd34e3a-6ed1-47e1-a265-b271d7b8fe99,"2014-07-25 19:26:02"
921996,"R. Felger",,s.d.,,"Physalis crassifolia",0,Benth.,,,,,,,urn:uuid:e4daedad-ec49-426f-93cd-77adc40962d3,"2014-07-25 19:26:02"
921997,"Joe Barth",,2005-01-25,,"Physalis crassifolia",0,Benth.,,,,,,,urn:uuid:a8da4e46-a588-4ae0-836e-804bcdfc4be4,"2014-07-25 19:26:02"
921997,"Jon P. Rebman",,2005-02-01,,"Physalis crassifolia",0,Benth.,,,,,,,urn:uuid:5e3ca2ae-da6e-4153-83b9-4cfe4216822c,"2014-07-25 19:26:02"
950315,"F. Reichenbacher",,1987-04-10,,"Physalis crassifolia",0,Benth.,,,,,,,urn:uuid:fc07f14c-f33e-455d-96ea-53d86d441948,"2014-07-25 19:26:02"
958624,"Sarah J. De Groot",,2003-05-04,,"Physalis crassifolia",0,Benth.,,,,,,,urn:uuid:749632f2-3270-4195-8420-3993d455fc48,"2014-07-25 19:26:02"
996683,"I.L. Wiggins",,1960-03-17,,"Physalis crassifolia",0,Benth.,,,,,,,urn:uuid:93f5acfd-2d1d-4cf6-84e9-f54ac14946ee,"2014-07-25 19:26:02"
996701,"R. S. Felger",,1961-02-05,,"Physalis crassifolia",0,Benth.,,,,,,,urn:uuid:6918272a-5d85-4d2b-a9fd-f9dab1f3db5b,"2014-07-25 19:26:02"
855341,"Patricia A. West",,2001-05-17,,"Physalis hederifolia",0,"A. Gray",,,,,,,urn:uuid:5e5dd7f8-3d0b-447b-bd03-1b754f5ab355,"2014-07-25 19:26:02"
5573184,"R. H. Peebles",,1934-05-26,,"Physalis hederifolia",0,"A. Gray",,,,,,,urn:uuid:b8c579dc-1cf7-4522-8369-6df2808b5c57,"2014-12-23 15:15:32"
5573186,"P. Jenkins January 1996",,s.d.,,"Physalis hederifolia",0,"A. Gray",,,,,,,urn:uuid:d0edf837-a126-47cf-b021-e9e9f8267e44,"2014-12-23 15:15:32"
5573188,"L.N. Goodding",,1960-07-01,,"Physalis hederifolia",0,"A. Gray",,,,,,,urn:uuid:7f77796b-36ef-4929-825a-1537d26b93e6,"2014-12-23 15:15:32"
5573189,"T. H. Kearney",,1934-08-05,,"Physalis hederifolia",0,"A. Gray",,,,,,,urn:uuid:03582a5c-a069-4067-a54d-a6ce5dc23bc4,"2014-12-23 15:15:32"
5573190,"N. McFarland",,1979-05-10,,"Physalis hederifolia",0,"A. Gray",,,,,,,urn:uuid:886ede41-38f0-4a58-8a4d-fc1b92a92e92,"2014-12-23 15:15:32"
5573191,"J.J. Thornber",,1907-08-11,,"Physalis hederifolia",0,"A. Gray",,,,,,,urn:uuid:e008a770-3b88-49fc-8d2c-30f3aa820e1a,"2014-12-23 15:15:32"
5573192,"T. R. Van Devender",,1981-08-06,,"Physalis hederifolia",0,"A. Gray",,,,,,,urn:uuid:7f68b613-c47a-4942-9e0e-c8bcf6d98795,"2014-12-23 15:15:32"
5573193,"L.J. Toolin",,1978-08-13,,"Physalis hederifolia",0,"A. Gray",,,,,,,urn:uuid:9718eea0-ecb2-43b4-8e52-e3875a74837d,"2014-12-23 15:15:32"
5573194,"L.N. Goodding",,1962-10-29,,"Physalis hederifolia",0,"A. Gray",,,,,,,urn:uuid:a13c3dc6-1950-4576-aeeb-60fe162cf5c7,"2014-12-23 15:15:32"
5573195,"R.R. Johnson",,1960-06-21,,"Physalis hederifolia",0,"A. Gray",,,,,,,urn:uuid:ec02c070-11b5-4f48-8619-9be55cd5e785,"2014-12-23 15:15:32"
5573196,"A. Hesselberg",,1966-08-27,,"Physalis hederifolia",0,"A. Gray",,,,,,,urn:uuid:7fe6698a-5443-4c72-b9c4-265e1a609d7a,"2014-12-23 15:15:32"
5573197,"R.J. Barr",,1965-05-26,,"Physalis hederifolia",0,"A. Gray",,,,,,,urn:uuid:4e784c19-6f08-439a-b14e-f14e9d5b4812,"2014-12-23 15:15:32"
5573198,"J.J. Thornber",,1903-12-01,,"Physalis hederifolia",0,"A. Gray",,,,,,,urn:uuid:83552275-687e-4fd0-9109-1680b7158cb5,"2014-12-23 15:15:32"
5573199,"T. H. Kearney",,1934-09-30,,"Physalis hederifolia",0,"A. Gray",,,,,,,urn:uuid:685c0a0d-1897-4802-bef3-6dafcac210c8,"2014-12-23 15:15:32"
5573183,"R.J. Barr",,1966-09-02,,"Physalis hederifolia",0,"A. Gray",,,,,,,urn:uuid:40d42348-ba86-4c92-9eaa-8636c4dafc52,"2014-12-23 15:15:32"
5573182,"S.P. McLaughlin",,1976-08-13,,"Physalis hederifolia",0,"A. Gray",,,,,,,urn:uuid:35e3ba9a-97f0-45d3-a5bf-2a4bec08bf6b,"2014-12-23 15:15:32"
5573181,"J.J. Thornber",,1905-05-28,,"Physalis hederifolia",0,"A. Gray",,,,,,,urn:uuid:c5ec25d5-45d3-4f61-9047-ba3928a5c648,"2014-12-23 15:15:32"
855342,"Steven P. McLaughlin",,2005-09-22,,"Physalis hederifolia",0,"A. Gray",,,,,,,urn:uuid:81a3143c-e221-4982-90c4-cd47b599985e,"2014-07-25 19:26:02"
855343,"David Bertelsen",,2006-09-15,,"Physalis hederifolia",0,"A. Gray",,,,,,,urn:uuid:672b3536-b4c1-4ea1-b568-74f8aec9396b,"2014-07-25 19:26:02"
922000,"Kathryn Mauz, 30-Sep-06",,s.d.,,"Physalis hederifolia",0,"A. Gray",,,,,,,urn:uuid:51771755-a45e-48de-b358-d6f1cf10273c,"2014-07-25 19:26:02"
922001,"Steven P. McLaughlin",,2005-09-22,,"Physalis hederifolia",0,"A. Gray",,,,,,,urn:uuid:d2c3042b-108e-4b6b-b9b2-110780b8e1e9,"2014-07-25 19:26:02"
953347,CEMML,,1992-08-02,,"Physalis hederifolia",0,"A. Gray",,,,,,"Plant Inventory and Determination by Center for Environmental Management of Military Lands (CEMML), Department of Forest Sciences, Colorado State University, Fort Collins.",urn:uuid:ba471957-0b04-45ef-a352-adf74f382921,"2014-07-25 19:26:02"
953819,"Joan Tedford",,2008-05-06,,"Physalis hederifolia",0,"A. Gray",,,,,,,urn:uuid:ead82f1b-09b1-4274-9ef4-b306fb1a69f3,"2014-07-25 19:26:02"
3826777,"Janet R. Sullivan",,10/95,,"Physalis hederaefolia var. hederaefolia",0,,,,,,"Annotated for the Flora of North America",,urn:uuid:39277491-bd15-41a4-bb94-661239417e8f,"2014-07-25 19:26:02"
3826777,"J.E. Bowers",,1982-09-03,,"Physalis hederifolia",0,"A. Gray",,,,,,,urn:uuid:0eb39024-1645-4042-a7da-7b86f120aab9,"2014-07-25 19:26:02"
3826779,"Janet R. Sullivan",,10/95,,"Physalis hederaefolia var. hederaefolia",0,,,,,,"Annotated for the Flora of North America",,urn:uuid:62a839d1-4d4f-4d1a-9e62-81245d9b12b7,"2014-07-25 19:26:02"
3826779,"J.E. Bowers",,1982-09-16,,"Physalis hederifolia",0,"A. Gray",,,,,,,urn:uuid:b561d91a-e44c-4a3b-bc36-00ec46862a4b,"2014-07-25 19:26:02"
3826780,"J.E. Bowers",,1983-08-12,,"Physalis hederifolia",0,"A. Gray",,,,,,,urn:uuid:b6356101-ca73-4112-b6ce-1f2db0db903a,"2014-07-25 19:26:02"
3826780,"Janet R. Sullivan",,9/95,,"Physalis hederaefolia var. fendleri",0,"(A.Gray) A.Cronquist",,,,,"Annotated for the Flora of North America",,urn:uuid:b0f2fa77-b552-4c71-809e-4612fd79be4d,"2014-07-25 19:26:02"
3826781,"J.E. Bowers",,1982-09-04,,"Physalis hederifolia",0,"A. Gray",,,,,,,urn:uuid:ae4e1f1a-156f-4cd1-b8b1-691b843a7df1,"2014-07-25 19:26:02"
3826781,"Janet R. Sullivan",,9/95,,"Physalis hederaefolia var. fendleri",0,"(A.Gray) A.Cronquist",,,,,"Annotated for the Flora of North America",,urn:uuid:9ab7903a-3225-48d9-a68c-cd174cbe298d,"2014-07-25 19:26:02"
5573176,"J.W. Toumey",,1892-06-22,,"Physalis hederifolia",0,"A. Gray",,,,,,,urn:uuid:14ff2058-b19c-4244-889a-32f4ed12d9b8,"2014-12-23 15:15:32"
5573177,"J.W. Toumey",,1892-06-30,,"Physalis hederifolia",0,"A. Gray",,,,,,,urn:uuid:84573463-738a-4993-bd8c-c7b17d4fffa1,"2014-12-23 15:15:32"
5573178,Butterwick,,1980-05-01,,"Physalis hederifolia",0,"A. Gray",,,,,,,urn:uuid:392029f3-4cb3-4e87-bf80-60e8ca092589,"2014-12-23 15:15:32"
5573180,"P.D. Jenkins, February 1996",,s.d.,,"Physalis hederifolia",0,"A. Gray",,,,,,,urn:uuid:422420d4-8523-4d44-9261-9272eb9041af,"2014-12-23 15:15:32"
5573200,"L.J. Toolin",,1981-08-28,,"Physalis hederifolia",0,"A. Gray",,,,,,,urn:uuid:c9c4bc5f-126c-4770-958e-c361091cb4a0,"2014-12-23 15:15:32"
5573201,"J.J. Thornber",,2000-12-01,,"Physalis hederifolia",0,"A. Gray",,,,,,,urn:uuid:6c5149f7-d911-49e6-ae04-5f5e6f31aeec,"2014-12-23 15:15:32"
5573202,"V.H. Jones",,1939-09-11,,"Physalis hederifolia",0,"A. Gray",,,,,,,urn:uuid:a0e0af2e-b8b4-43d8-8791-c7469725e1eb,"2014-12-23 15:15:32"
5573220,"R. H. Peebles",,1927-07-17,,"Physalis hederifolia",0,"A. Gray",,,,,,,urn:uuid:db51e9ac-ad45-4451-be76-5844d3a9f220,"2014-12-23 15:15:32"
5573221,Butterwick,,1980-05-03,,"Physalis hederifolia",0,"A. Gray",,,,,,,urn:uuid:9fda967d-9e7a-40c9-99f2-16200a0b6a0b,"2014-12-23 15:15:32"
5573222,"V.L. Bohrer",,1967-09-22,,"Physalis hederifolia",0,"A. Gray",,,,,,,urn:uuid:d5b08af9-ec46-456b-8dd3-f83c8b6139b1,"2014-12-23 15:15:32"
5573223,"S.P. McLaughlin",,1988-09-07,,"Physalis hederifolia",0,"A. Gray",,,,,,,urn:uuid:4d253149-fa1f-4359-8ff8-b9457beddb1c,"2014-12-23 15:15:32"
5573224,"C.P. Pase",,1959-09-08,,"Physalis hederifolia",0,"A. Gray",,,,,,,urn:uuid:42ba57b4-5781-4b74-9241-39d063dd4e26,"2014-12-23 15:15:32"
5573225,"L.N. Goodding",,1949-06-12,,"Physalis hederifolia",0,"A. Gray",,,,,,,urn:uuid:98d4afca-79c4-448b-aa04-34df03153241,"2014-12-23 15:15:32"
5573226,"A.A. Nichol",,1937-07-25,,"Physalis hederifolia",0,"A. Gray",,,,,,,urn:uuid:1650838b-9c94-470d-96b6-70f30e485bc9,"2014-12-23 15:15:32"
5573227,"L.N. Goodding",,1960-06-21,,"Physalis hederifolia",0,"A. Gray",,,,,,,urn:uuid:bbff727f-187c-4ca3-9966-b19256fb2d16,"2014-12-23 15:15:32"
5573228,"J.E. Bowers",,1982-04-18,,"Physalis hederifolia",0,"A. Gray",,,,,,,urn:uuid:c54e6d61-ab43-487f-9355-77d31b328585,"2014-12-23 15:15:32"
5573229,"R. H. Peebles",,1932-07-31,,"Physalis hederifolia",0,"A. Gray",,,,,,,urn:uuid:737228b1-479c-4dd6-b9da-3ff5aafcf4f4,"2014-12-23 15:15:32"
5573230,"A. Hesselberg",,1966-08-28,,"Physalis hederifolia",0,"A. Gray",,,,,,,urn:uuid:0bca6468-a6f2-4e21-9687-1ba1f7aa9646,"2014-12-23 15:15:32"
5573231,"F. W. Gould",,1946-10-15,,"Physalis hederifolia",0,"A. Gray",,,,,,,urn:uuid:8ad58755-b484-44ad-a690-3684a6b8d08b,"2014-12-23 15:15:32"
5573232,"V.L. Bohrer",,1962-08-19,,"Physalis hederifolia",0,"A. Gray",,,,,,,urn:uuid:347bc35c-6659-4b55-b62f-29f781fa9f06,"2014-12-23 15:15:32"
5573233,"C. Hope",,1934-05-19,,"Physalis hederifolia",0,"A. Gray",,,,,,,urn:uuid:7fc5a09d-ceb4-4bb9-8d67-df198d1f2915,"2014-12-23 15:15:32"
5573219,"L.N. Goodding",,1935-11-01,,"Physalis hederifolia",0,"A. Gray",,,,,,,urn:uuid:6f6b5292-5cea-4100-826f-19cfb394eb97,"2014-12-23 15:15:32"
5573218,"S.P. McLaughlin",,1986-06-01,,"Physalis hederifolia",0,"A. Gray",,,,,,,urn:uuid:64d81649-ad43-4f21-9f27-ef02c9efe4a6,"2014-12-23 15:15:32"
5573217,"R.D. Newsome",,1969-07-30,,"Physalis hederifolia",0,"A. Gray",,,,,,,urn:uuid:1dee97b8-1a62-4d03-be7a-f7e64da352cb,"2014-12-23 15:15:32"
5573203,"K.F. Parker",,1945-08-18,,"Physalis hederifolia",0,"A. Gray",,,,,,,urn:uuid:9d543da3-fbb6-441f-b0df-d90b697d4bef,"2014-12-23 15:15:32"
5573204,"L.N. Goodding",,1947-06-02,,"Physalis hederifolia",0,"A. Gray",,,,,,,urn:uuid:83bbda83-4de0-4380-b358-120a649d7a18,"2014-12-23 15:15:32"
5573205,Maguire,,1935-06-06,,"Physalis hederifolia",0,"A. Gray",,,,,,,urn:uuid:a97231d6-6297-45ea-ac08-739cd8b38b04,"2014-12-23 15:15:32"
5573206,"R.A. Darrow",,1944-09-30,,"Physalis hederifolia",0,"A. Gray",,,,,,,urn:uuid:3829a87a-af60-436f-8de5-7bd3d2fbb0a6,"2014-12-23 15:15:32"
5573207,"T. H. Kearney",,1935-09-20,,"Physalis hederifolia",0,"A. Gray",,,,,,,urn:uuid:f0a964f1-74c6-4855-9417-98aa35daa567,"2014-12-23 15:15:32"
5573208,"R.E. Coombs",,1978-06-22,,"Physalis hederifolia",0,"A. Gray",,,,,,,urn:uuid:814bd622-9fd9-49d9-9b64-705c74dea6e0,"2014-12-23 15:15:32"
5573209,"R.R. Johnson",,1958-07-11,,"Physalis hederifolia",0,"A. Gray",,,,,,,urn:uuid:67faeeaa-aafe-4ceb-bee3-3963e3f5b28f,"2014-12-23 15:15:32"
5573210,"G. J. Harrison",,1929-10-13,,"Physalis hederifolia",0,"A. Gray",,,,,,,urn:uuid:9247b582-1697-465e-b0cf-2ec6b0f9dd31,"2014-12-23 15:15:32"
5573211,"F. W. Gould",,1946-09-03,,"Physalis hederifolia",0,"A. Gray",,,,,,,urn:uuid:bdfec04e-7d75-4900-a35f-c5a427375db2,"2014-12-23 15:15:32"
5573212,"T. H. Kearney",,1934-10-06,,"Physalis hederifolia",0,"A. Gray",,,,,,,urn:uuid:7ed917e7-e7fd-4670-af20-1e3726da3d1f,"2014-12-23 15:15:32"
5573213,"J.J. Thornber",,1907-08-11,,"Physalis hederifolia",0,"A. Gray",,,,,,,urn:uuid:30d36049-ed76-4963-8fab-bb5b779103ed,"2014-12-23 15:15:32"
5573214,"L.N. Goodding",,1956-09-01,,"Physalis hederifolia",0,"A. Gray",,,,,,,urn:uuid:e1fb3844-0d3a-4b67-a5fe-16bcb4b91413,"2014-12-23 15:15:32"
5573215,"L.C. Whitehead",,1916-12-01,,"Physalis hederifolia",0,"A. Gray",,,,,,,urn:uuid:c7b696e8-51b0-4de7-b9e0-effd87ffb1cf,"2014-12-23 15:15:32"
5573216,"J.C. Blumer",,2000-12-01,,"Physalis hederifolia",0,"A. Gray",,,,,,,urn:uuid:eacf6682-5500-4f8b-8bc0-96d70568fde4,"2014-12-23 15:15:32"
5573234,Butterwick,,1980-05-30,,"Physalis hederifolia",0,"A. Gray",,,,,,,urn:uuid:138ea902-d3aa-4e62-a2c6-bb2e28d04ea4,"2014-12-23 15:15:32"
996702,"R. S. Felger",,1964-09-01,,"Physalis crassifolia",0,Benth.,,,,,,,urn:uuid:82cfa36a-0226-49ed-b792-cfe1c4e27d92,"2014-07-25 19:26:02"
996739,"A. Valiente-Banuet",,1985-08-11,,"Physalis crassifolia",0,Benth.,,,,,,,urn:uuid:b6b6b1dc-e4ea-4b65-a617-f3d84262d0d5,"2014-07-25 19:26:02"
996738,"R. S. Felger",,1984-10-24,,"Physalis crassifolia",0,Benth.,,,,,,,urn:uuid:1785b183-aafd-43cc-bb76-dba48e92c0b9,"2014-07-25 19:26:02"
996740,"H. S. Gentry",,1947-03-21,,"Physalis crassifolia",0,Benth.,,,,,,,urn:uuid:ed3d8e27-158f-4436-84e0-fdf3982e193c,"2014-07-25 19:26:02"
996741,"R. S. Felger",,1970-03-23,,"Physalis crassifolia",0,Benth.,,,,,,,urn:uuid:36c81cc2-6e33-4ec1-a514-ce43fb854bc3,"2014-07-25 19:26:02"
996742,"R. S. Felger",,1970-04-20,,"Physalis crassifolia",0,Benth.,,,,,,,urn:uuid:27e6be76-8598-4a2b-8de3-cf4761679856,"2014-07-25 19:26:02"
1004539,"Sarah J. De Groot",,2004-04-26,,"Physalis crassifolia",0,Benth.,,,,,,,urn:uuid:ac88e2f7-ca56-4be4-be31-4b2b733c3760,"2014-07-25 19:26:02"
5567692,"A. Harlan",,1992-11-27,,"Physalis crassifolia",0,Benth.,,,,,,,urn:uuid:1e35c28d-f267-4646-87c8-5654eb0218e4,"2014-12-23 15:15:32"
5567691,"J.T. Wright",,1954-09-13,,"Physalis crassifolia",0,Benth.,,,,,,,urn:uuid:a6d2a9e2-3806-428a-bd50-8cb125e8b5f0,"2014-12-23 15:15:32"
5567690,"J.J. Thornber",,1903-10-15,,"Physalis crassifolia",0,Benth.,,,,,,,urn:uuid:298f3866-ee65-4e2b-aaa9-53089a03c265,"2014-12-23 15:15:32"
5567689,"R.A. Darrow",,1939-04-09,,"Physalis crassifolia",0,Benth.,,,,,,,urn:uuid:e62b6e96-d559-44b5-83c1-591f1533d015,"2014-12-23 15:15:32"
5567693,"R.J. Barr",,1964-03-22,,"Physalis crassifolia",0,Benth.,,,,,,,urn:uuid:a010396e-c2c1-49d4-a189-0507c5722a3e,"2014-12-23 15:15:32"
5567694,"R.M. Turner",,1970-08-22,,"Physalis crassifolia",0,Benth.,,,,,,,urn:uuid:4d389c43-0797-4913-a13c-f254356b3b7f,"2014-12-23 15:15:32"
5567694,"Janet R. Sullivan",,"Oct 1995",,"Physalis crassifolia",0,Benth.,,,,,,,urn:uuid:c1386b8e-60f7-40c3-b153-3521e076d6f1,"2017-04-06 14:47:48"
3826765,"Janet R. Sullivan",,10/95,,"Physalis crassifolia",0,Benth.,,,,,"Annotated for the Flora of North America",*probably,urn:uuid:0db37590-1044-4a8f-a026-c16639082c04,"2014-07-25 19:26:02"
3826765,"T. R. Van Devender",,1990-08-31,,"Physalis crassifolia",0,Benth.,,,,,,,urn:uuid:a2488708-2073-46c7-9442-aa15550a2343,"2014-07-25 19:26:02"
5567701,"R. H. Peebles",,1927-10-11,,"Physalis crassifolia",0,Benth.,,,,,,,urn:uuid:0f290f10-c229-4265-869e-85b78c527e78,"2014-12-23 15:15:32"
5567700,"L. Benson",,1941-04-15,,"Physalis crassifolia",0,Benth.,,,,,,,urn:uuid:7e0465da-0dc9-41d4-b2e2-a00b1a3ff0d1,"2014-12-23 15:15:32"
996736,"H. S. Gentry",,1935-02-23,,"Physalis crassifolia",0,Benth.,,,,,,,urn:uuid:f1a991e3-48b7-4347-8f89-db4964b83333,"2014-07-25 19:26:02"
5567699,"T. R. Van Devender",,1973-03-05,,"Physalis crassifolia",0,Benth.,,,,,,,urn:uuid:e73cbaba-fa72-4193-b61c-dc9c604a4984,"2014-12-23 15:15:32"
5567698,"Janet R. Sullivan",,10/95,,"Physalis crassifolia",0,Benth.,,,,,,,urn:uuid:5b7e570d-1adb-44f7-b7ed-f3e9ec98ce41,"2017-06-21 17:58:55"
5567698,"R.R. Halse",,1972,,"Physalis crassifolia",0,Benth.,,,,,,,urn:uuid:84044843-7b35-4150-a1bb-a0168f34443a,"2017-06-21 17:58:55"
5567698,"R.R. Halse",,1972-11-26,,"Physalis crassifolia",0,Benth.,,,,,,,urn:uuid:27416874-909d-49a9-a4cd-08b053fa7f6b,"2014-12-23 15:15:32"
5567697,"T. R. Van Devender",,1973-01-14,,"Physalis crassifolia",0,Benth.,,,,,,,urn:uuid:8e8ab711-66b7-47b9-b484-efe33d65de0e,"2014-12-23 15:15:32"
5567696,"Janet R. Sullivan",,10/95,,"Physalis crassifolia",0,Benth.,,,,,,,urn:uuid:24d68455-1405-448a-84c4-1d12140227c2,"2018-03-05 17:40:21"
5567696,"L. Benson.",,1940-03-29,,"Physalis crassifolia",0,Benth.,,,,,,,urn:uuid:8232c705-b70b-4420-9453-efb93d21743f,"2014-12-23 15:15:32"
5567696,"U.T. Waterfall",,1956,,"Physalis crassifolia var. crassifolia",0,,,,,,,,urn:uuid:37844245-40a8-4e10-b78b-af095f722049,"2018-03-05 17:40:21"
5567695,"L.N. Goodding",,1938-12-01,,"Physalis crassifolia",0,Benth.,,,,,,,urn:uuid:3cdfe2b1-7221-467d-bf45-ecc31957f74a,"2014-12-23 15:15:32"
996737,"B. Raguso",,2001-03-12,,"Physalis crassifolia",0,Benth.,,,,,,,urn:uuid:f076f60b-567c-433d-8fa3-8ad37c75a903,"2014-07-25 19:26:02"
5567708,"R.J. Barr",,1963-03-26,,"Physalis crassifolia",0,Benth.,,,,,,,urn:uuid:9eccf7e1-33f3-4cb1-a063-3278def51bf5,"2014-12-23 15:15:32"
3826768,"Janet R. Sullivan",,10/95,,"Physalis crassifolia",0,Benth.,,,,,"Annotated for the Flora of North America",,urn:uuid:bcf3497f-ff3b-49fc-a9a0-3764d1ecccea,"2014-07-25 19:26:02"
3826768,"R.J. Rondeau",,1988-11-22,,"Physalis crassifolia",0,Benth.,,,,,,,urn:uuid:a9855a0d-fb2c-4fb6-928b-a53265ad9cca,"2014-07-25 19:26:02"
3826767,"J.J. Thornber",,1900-12-01,,"Physalis crassifolia",0,Benth.,,,,,,,urn:uuid:6388b049-16c6-4f59-848f-9ce5d4a91f8d,"2014-07-25 19:26:02"
3826766,"J.J. Thornber",,1903-10-14,,"Physalis crassifolia",0,Benth.,,,,,,,urn:uuid:76c13d98-2bad-457b-969e-c02957dd1fc2,"2014-07-25 19:26:02"
3826764,"C.J. King",,1926-07-18,,"Physalis crassifolia",0,Benth.,,,,,,,urn:uuid:a823a5fc-ea78-4842-8a2d-8fbae60d2100,"2014-07-25 19:26:02"
3826763,"J.J. Thornber",,1901-11-15,,"Physalis crassifolia",0,Benth.,,,,,,,urn:uuid:7c8d98d0-feeb-412a-a211-f80820e937b7,"2014-07-25 19:26:02"
3826762,"H.F. Loomis",,1926-04-02,,"Physalis crassifolia",0,Benth.,,,,,,,urn:uuid:1d6c8d97-a514-4856-a2e8-f7e568d337e6,"2014-07-25 19:26:02"
996719,"A.C. Sanders",,1989-09-06,,"Physalis crassifolia",0,Benth.,,,,,,,urn:uuid:7c72bd26-0944-47df-b52d-cd7726a1d239,"2014-07-25 19:26:02"
3826769,"Janet R. Sullivan",,10/95,,"Physalis crassifolia",0,Benth.,,,,,"Annotated for the Flora of North America",,urn:uuid:89a09786-292d-4697-91fe-9725dc811e02,"2014-07-25 19:26:02"
3826769,"T. R. Van Devender",,1988-08-07,,"Physalis crassifolia",0,Benth.,,,,,,,urn:uuid:f5e3b9e7-b271-4267-ae46-7bb6666a5d72,"2014-07-25 19:26:02"
3826770,"R. H. Peebles",,1925-10-10,,"Physalis crassifolia",0,Benth.,,,,,,,urn:uuid:1603c9f3-f286-455a-8f12-2829d4010b93,"2014-07-25 19:26:02"
1908482,"Sarah J. De Groot",,2003-01-01,,"Physalis crassifolia",0,Benth.,,,,,,,urn:uuid:6fa5d153-a036-49da-a608-992e584d1de7,"2014-07-25 19:26:02"
1909095,"Sarah DeGroot",,2003-01-01,,"Physalis crassifolia",0,Benth.,,,,,,,urn:uuid:dda5cbaf-fe05-458c-b448-7c4d9464fcf2,"2014-07-25 19:26:02"
1909379,"Sarah J. De Groot",,2003-01-01,,"Physalis crassifolia",0,Benth.,,,,,,,urn:uuid:8d1dff0e-bc9c-4a41-9271-7b6023c36338,"2014-07-25 19:26:02"
5573179,"C.T. Mason",,1968-06-08,,"Physalis hederifolia",0,"A. Gray",,,,,,,urn:uuid:a78550eb-d598-4f95-98f1-f806a1df7a02,"2014-12-23 15:15:32"
996703,"R. S. Felger",,1964-11-01,,"Physalis crassifolia",0,Benth.,,,,,,,urn:uuid:b662c76b-7a61-42dc-9faa-9616a1bfed7e,"2014-07-25 19:26:02"
996723,"H. S. Gentry",,1949-04-22,,"Physalis crassifolia",0,Benth.,,,,,,,urn:uuid:f3156601-ff46-4c26-9cfb-d21a4b2726d8,"2014-07-25 19:26:02"
996724,"H. S. Gentry",,1939-09-06,,"Physalis crassifolia",0,Benth.,,,,,,,urn:uuid:a1019bc5-c5e5-4b0d-9590-48140a2ebda3,"2014-07-25 19:26:02"
996725,"P.S. Martin",,1989-03-17,,"Physalis crassifolia",0,Benth.,,,,,,,urn:uuid:7d5c086c-92a6-4231-9fd6-124a17a301c2,"2014-07-25 19:26:02"
996726,"A. Flores M.",,1996-09-27,,"Physalis crassifolia",0,Benth.,,,,,,,urn:uuid:73f3ced2-92ec-441c-996c-de5efd16227b,"2014-07-25 19:26:02"
996727,"A. Flores M.",,1996-09-21,,"Physalis crassifolia",0,Benth.,,,,,,,urn:uuid:f701e19f-6980-4f7d-9f55-218e54dd13b8,"2014-07-25 19:26:02"
996728,"A. Flores M.",,1996-08-11,,"Physalis crassifolia",0,Benth.,,,,,,,urn:uuid:7694b4a6-ee40-49ba-8610-f8626e7c7280,"2014-07-25 19:26:02"
996729,"A.C. Sanders",,1993-03-16,,"Physalis crassifolia",0,Benth.,,,,,,,urn:uuid:cb52bf29-7ced-4eaf-9b6d-8e75faf4d8b1,"2014-07-25 19:26:02"
996730,"S.L. Friedman",,1995-01-19,,"Physalis crassifolia",0,Benth.,,,,,,,urn:uuid:0d07b94d-0fbf-4c5e-bc42-6ed717beb54a,"2014-07-25 19:26:02"
5567707,"P.C. Fischer",,1979-05-08,,"Physalis crassifolia",0,Benth.,,,,,,,urn:uuid:9b06e14e-72eb-4ac7-832b-e4fdaa36064a,"2014-12-23 15:15:32"
996731,"J.R. Shortman",,1996-09-14,,"Physalis crassifolia",0,Benth.,,,,,,,urn:uuid:7a034c67-69af-45c6-b01b-e42950835d50,"2014-07-25 19:26:02"
5567706,"R. S. Felger",,1992-02-02,,"Physalis crassifolia",0,Benth.,,,,,,,urn:uuid:0127fef3-eda5-433d-85f1-e9f0da9ca997,"2014-12-23 15:15:32"
996732,"M.E. Jones",,1882-04-08,,"Physalis crassifolia",0,Benth.,,,,,,,urn:uuid:dcc49264-aa77-4a33-9293-2b66aaeef5aa,"2014-07-25 19:26:02"
996733,"H. S. Gentry",,1939-11-29,,"Physalis crassifolia",0,Benth.,,,,,,,urn:uuid:8c44a95e-fe70-400d-9fd7-337dbf85146c,"2014-07-25 19:26:02"
996734,"F. Shreve",,1935-02-20,,"Physalis crassifolia",0,Benth.,,,,,,,urn:uuid:0c460710-057e-49cf-b923-649f58cab810,"2014-07-25 19:26:02"
996722,"R. Perrill",,1983-11-02,,"Physalis crassifolia",0,Benth.,,,,,,,urn:uuid:4d9a3230-a2d8-465f-8869-ffe933fbcac6,"2014-07-25 19:26:02"
996721,"R. S. Felger",,1970-03-19,,"Physalis crassifolia",0,Benth.,,,,,,,urn:uuid:e75b6ae1-3840-4963-b9c0-58c624dcc0ed,"2014-07-25 19:26:02"
996720,"M.E. Fishbein",,1992-02-16,,"Physalis crassifolia",0,Benth.,,,,,,,urn:uuid:6ae65e58-2916-472d-a586-56495e7a10e5,"2014-07-25 19:26:02"
996704,"R. S. Felger",,1964-04-25,,"Physalis crassifolia",0,Benth.,,,,,,,urn:uuid:28e87044-60ce-4bf6-ad32-232fd8aa172a,"2014-07-25 19:26:02"
996705,"R. S. Felger",,1964-01-01,,"Physalis crassifolia",0,Benth.,,,,,,,urn:uuid:f4b9cd8e-b864-4b9c-947e-4be0de551db4,"2014-07-25 19:26:02"
996706,"G.L. Webster",,1978-03-24,,"Physalis crassifolia",0,Benth.,,,,,,,urn:uuid:7dcf12e5-949c-49a5-92ca-792015a42fc4,"2014-07-25 19:26:02"
996708,"T.L. Burgess",,1979-03-17,,"Physalis crassifolia",0,Benth.,,,,,,,urn:uuid:eed42149-707a-4a17-8a3a-f7a270eec98f,"2014-07-25 19:26:02"
996709,"R. S. Felger",,1965-01-29,,"Physalis crassifolia",0,Benth.,,,,,,,urn:uuid:36e20ee5-d4a5-42b1-a66b-1eee964db5a4,"2014-07-25 19:26:02"
996710,"R. S. Felger",,1964-10-03,,"Physalis crassifolia",0,Benth.,,,,,,,urn:uuid:af31b612-5b49-4769-be35-46d350060f45,"2014-07-25 19:26:02"
996711,"R. S. Felger",,1964-10-06,,"Physalis crassifolia",0,Benth.,,,,,,,urn:uuid:0d6b8002-eb42-450b-b162-f6f2fe6f79b7,"2014-07-25 19:26:02"
996712,"T.L. Burgess",,1985-03-23,,"Physalis crassifolia",0,Benth.,,,,,,,urn:uuid:01592e90-0b93-45ea-b825-3c9f1a8ea6a9,"2014-07-25 19:26:02"
996713,"R. S. Felger",,1960-07-23,,"Physalis crassifolia",0,Benth.,,,,,,,urn:uuid:d273f160-826b-4428-8e10-c93bfeb517f3,"2014-07-25 19:26:02"
996714,"R. S. Felger",,1967-12-29,,"Physalis crassifolia",0,Benth.,,,,,,,urn:uuid:bb835033-0745-4864-a804-7bceb8371247,"2014-07-25 19:26:02"
996715,"F.W. Reichenbacher",,1982-08-22,,"Physalis crassifolia",0,Benth.,,,,,,,urn:uuid:d199ff78-cdd2-4d11-9ce4-ee5bf88bfc88,"2014-07-25 19:26:02"
996716,"J.E. Bowers",,1980-05-10,,"Physalis crassifolia",0,Benth.,,,,,,,urn:uuid:756b3204-f500-44a4-8c63-c39b36e32221,"2014-07-25 19:26:02"
996717,"R. Tomlinson",,1967-08-30,,"Physalis crassifolia",0,Benth.,,,,,,,urn:uuid:fdffb281-4094-4968-8896-e1120be44ec1,"2014-07-25 19:26:02"
996718,"P. Tenorio L.",,1985-08-11,,"Physalis crassifolia",0,Benth.,,,,,,,urn:uuid:c5899d0c-b9a3-4380-9ac3-17343eb71d9f,"2014-07-25 19:26:02"
5567705,"R. H. Peebles",,1925-10-18,,"Physalis crassifolia",0,Benth.,,,,,,,urn:uuid:5d6b272d-a2d8-4987-b987-bc3845bcc1b8,"2014-12-23 15:15:32"
5567704,"E. Lehto",,1976-05-19,,"Physalis crassifolia",0,Benth.,,,,,,,urn:uuid:19825d91-dd70-4fcb-a04e-b3a19e3e0f11,"2014-12-23 15:15:32"
996707,"T.L. Burgess",,1979-03-19,,"Physalis crassifolia",0,Benth.,,,,,,,urn:uuid:d13b9851-e44b-4c74-b536-847404cc7858,"2014-07-25 19:26:02"
5567703,"G.E. Duncan",,1970-03-28,,"Physalis crassifolia",0,Benth.,,,,,,,urn:uuid:e9f792bc-aee0-4db5-885f-5a20076a7d37,"2014-12-23 15:15:32"
5567702,"F. Shreve",,1932-03-26,,"Physalis crassifolia",0,Benth.,,,,,,,urn:uuid:9ed5562b-0ddb-4565-b0a8-3131cd7969b5,"2014-12-23 15:15:32"
996735,"I.L. Wiggins",,1930-03-07,,"Physalis crassifolia",0,Benth.,,,,,,,urn:uuid:6b875fad-507d-4248-ac44-c4d3ce40e9f7,"2014-07-25 19:26:02"
2097245,"G. Rink",,3/4/2003,,"Physalis hederifolia var. palmeri",0,"(Gray) Cronq.",,,,,,,urn:uuid:909e5505-0c80-4d17-845c-77733110f81c,"2011-08-21 03:05:43"
2097191,"L. R. Landrum",,2012,,"Physalis hederifolia",0,"A. Gray",,,,,,,urn:uuid:9598a441-7050-4e0c-ae0d-d12501e84e51,"2012-08-21 17:32:07"
2097191,unknown,,unknown,,Physalis,0,L.,,,,,,,urn:uuid:e9bea055-3682-4c45-9d69-8d6b83c4a986,"2012-08-21 17:32:07"
2097244,"G. Rink",,3/4/2003,,"Physalis hederifolia var. palmeri",0,"(Gray) Cronq.",,,,,,,urn:uuid:99c0a047-2042-44a0-bc53-57713b96235e,"2011-08-21 03:05:43"
2097243,"G. Rink",,3/4/2003,,"Physalis hederifolia var. palmeri",0,"(Gray) Cronq.",,,,,,,urn:uuid:505290be-2985-4a49-88e0-d6e37f003b06,"2011-08-21 03:05:43"
1015464,"L. R. Landrum",,2012,,"Physalis hederifolia",0,"A. Gray",,,,,,,urn:uuid:763e3cab-d165-4b37-82c3-ea29d3f51f3b,"2012-08-21 17:31:19"
1015464,unknown,,unknown,,"Physalis crassifolia",0,Benth.,,,,,,,urn:uuid:dad754b6-cb29-40ee-90bd-5da48c7fb6ba,"2012-08-21 17:31:19"
1042648,"G. Rink",,3/4/2003,,"Physalis hederifolia var. palmeri",0,"(Gray) Cronq.",,,,,,,urn:uuid:26cdaf26-fa8e-4752-8837-790901c61bc6,"2011-08-21 03:05:43"
2097231,"D.J. McMillan",,8/1/1976,,"Physalis hederifolia var. fendleri",0,"(Gray) Cronq.",,,,,,,urn:uuid:15c81ce3-c623-417f-8cfb-f273fbc15c26,"2011-08-21 03:05:43"
1042623,"U.T. Waterfall",,1/1/1961,,"Physalis crassifolia var. crassifolia",0,Benth.,,,,,,,urn:uuid:1e96162f-ba26-4883-bd15-82fcc8775e94,"2011-08-21 03:05:43"
2097013,unknown,,7/1/1980,,"Physalis crassifolia",0,Benth.,,,,,,,urn:uuid:8ea503c3-4275-416e-9459-410cdff35c7c,"2011-08-21 03:05:43"
2106667,"L. R. Landrum",,2012,,"Physalis crassifolia",0,Benth.,,,,,,,urn:uuid:695b8dd5-2d42-43fe-913b-e4d1bb95a3a4,"2012-08-21 17:23:10"
2106667,unknown,,unknown,,"Physalis hederifolia",0,Gray,,,,,,,urn:uuid:d641e67c-90f2-4f36-a2d6-c8e7ce754b9c,"2012-08-21 17:23:10"
2097246,"L. R. Landrum",,2012,,"Physalis crassifolia",0,Benth.,,,,,,,urn:uuid:9a438c91-ee15-4519-8d5a-1c9a17096dda,"2012-08-21 17:34:54"
2097246,"G. Rink",,3/4/2003,,"Physalis hederifolia var. palmeri",0,"(Gray) Cronq.",,,,,,,urn:uuid:e9fb97d6-cf9f-4eaa-9e8a-6de0419dcf6f,"2011-08-21 03:05:43"
2097246,"G. Rink",,unknown,,"Physalis hederifolia var. palmeri",0,"(Gray) Cronq.",,,,,,,urn:uuid:3fa5d961-ff3e-4338-9113-ae4eee6d021d,"2012-08-21 17:34:54"
1015467,"L. R. Landrum",,2012,,"Physalis crassifolia",0,Benth.,,,,,,,urn:uuid:421e1154-88e7-4259-ba5b-90a296fd3512,"2012-08-21 17:24:15"
1015467,"D. Silva",,unknown,,"Physalis hederifolia",0,Gray,,,,,,,urn:uuid:03c3f640-e8a4-4e8a-a3f3-9d2e128dc6cf,"2012-08-21 17:24:15"
